#
# A fatal error has been detected by the Java Runtime Environment:
#
#  SIGSEGV (0xb) at pc=0x00007f4d74f53b4a, pid=297537, tid=297541
#
# JRE version: OpenJDK Runtime Environment Corretto-21.0.8.9.1 (21.0.8+9) (build 21.0.8+9-LTS)
# Java VM: OpenJDK 64-Bit Server VM Corretto-21.0.8.9.1 (21.0.8+9-LTS, mixed mode, sharing, tiered, compressed oops, compressed class ptrs, g1 gc, linux-amd64)
# Problematic frame:
# C  [liblwjgl_stb.so+0x50b4a]
#
# Core dump will be written. Default location: Core dumps may be processed with "/usr/lib/systemd/systemd-coredump %P %u %g %s %t %c %h %d %F" (or dumping to /home/emn4tor/IdeaProjects/LustigesSpielLol/core.297537)
#
# If you would like to submit a bug report, please visit:
#   https://github.com/corretto/corretto-21/issues/
# The crash happened outside the Java Virtual Machine in native code.
# See problematic frame for where to report the bug.
#

---------------  S U M M A R Y ------------

Command Line: -Dfile.encoding=UTF-8 -Duser.country=US -Duser.language=en -Duser.variant de.emn4tor.Main

Host: AMD Ryzen 5 7500F 6-Core Processor, 12 cores, 30G, EndeavourOS Linux
Time: Fri Dec 26 16:14:58 2025 CET elapsed time: 0.396811 seconds (0d 0h 0m 0s)

---------------  T H R E A D  ---------------

Current thread (0x00007f4df002b710):  JavaThread "main"             [_thread_in_native, id=297541, stack(0x00007f4df6f00000,0x00007f4df7000000) (1024K)]

Stack: [0x00007f4df6f00000,0x00007f4df7000000],  sp=0x00007f4df6ffe5a8,  free space=1017k
Native frames: (J=compiled Java code, j=interpreted, Vv=VM code, C=native code)
C  [liblwjgl_stb.so+0x50b4a]
Java frames: (J=compiled Java code, j=interpreted, Vv=VM code)
j  org.lwjgl.stb.STBTruetype.nstbtt_InitFont(JJI)I+0
j  org.lwjgl.stb.STBTruetype.stbtt_InitFont(Lorg/lwjgl/stb/STBTTFontinfo;Ljava/nio/ByteBuffer;)Z+9
j  de.emn4tor.Renderer.initFont()V+43
j  de.emn4tor.Renderer.<init>()V+35
j  de.emn4tor.Game.initGL(Lde/emn4tor/ui/FPSCounter;)V+9
j  de.emn4tor.Main.loop()V+7
j  de.emn4tor.Main.run()V+13
j  de.emn4tor.Main.main([Ljava/lang/String;)V+7
v  ~StubRoutines::call_stub 0x00007f4ddfd37cc6

siginfo: si_signo: 11 (SIGSEGV), si_code: 1 (SEGV_MAPERR), si_addr: 0x0000000000000014

Registers:
RAX=0x0000000000000014, RBX=0x00007f4df0220220, RCX=0x0000000000000010, RDX=0x00007f4d74f85c8f
RSP=0x00007f4df6ffe5a8, RBP=0x0000000000000010, RSI=0x0000000000000000, RDI=0x0000000000000010
R8 =0x0000000000000000, R9 =0x0000000000000002, R10=0x00007f4d74f85c8f, R11=0x000000062f2c1030
R12=0x0000000000000000, R13=0x00007f4d6c54dbc0, R14=0x00007f4df6ffe6f0, R15=0x00007f4df002b710
RIP=0x00007f4d74f53b4a, EFLAGS=0x0000000000010202, CSGSFS=0x002b000000000033, ERR=0x0000000000000004
  TRAPNO=0x000000000000000e

XMM[0]=0x0000000000000000 0x0000000000000000
XMM[1]=0x0000000000000000 0x0000000000ffffff
XMM[2]=0x000000256176616a 0x4c293b7200746e6f
XMM[3]=0x0000000000000000 0x0000000000746e6f
XMM[4]=0x0000000000000025 0x6176616a4c293b72
XMM[5]=0xe1ff384b8b480824 0x4489487024448b48
XMM[6]=0x1824448948682444 0x8b20247c8928244c
XMM[7]=0x8944302444894438 0x244c894848244411
XMM[8]=0xfac5502454895824 0x7489485060ec8348
XMM[9]=0xece7f2b4ece7f2b4 0xece7f2b453bcbd67
XMM[10]=0x0000000000000000 0x0000000066d4cab3
XMM[11]=0xff476499ff476499 0xff47649953042200
XMM[12]=0x0000000000000000 0x0000000053bcbd67
XMM[13]=0x0000000000000000 0x00ff003000300030
XMM[14]=0x0000000000000000 0x405d000000000000
XMM[15]=0x0000000000000000 0x404b9079a9d26052
  MXCSR=0x00001fa2


Register to memory mapping:

RAX=0x0000000000000014 is an unknown value
RBX=0x00007f4df0220220 points into unknown readable memory: 0x0000000000000000 | 00 00 00 00 00 00 00 00
RCX=0x0000000000000010 is an unknown value
RDX=0x00007f4d74f85c8f: <offset 0x0000000000082c8f> in /tmp/lwjgl_emn4tor/3.3.4+7/x64/liblwjgl_stb.so at 0x00007f4d74f03000
RSP=0x00007f4df6ffe5a8 is pointing into the stack for thread: 0x00007f4df002b710
RBP=0x0000000000000010 is an unknown value
RSI=0x0 is null
RDI=0x0000000000000010 is an unknown value
R8 =0x0 is null
R9 =0x0000000000000002 is an unknown value
R10=0x00007f4d74f85c8f: <offset 0x0000000000082c8f> in /tmp/lwjgl_emn4tor/3.3.4+7/x64/liblwjgl_stb.so at 0x00007f4d74f03000
R11=0x000000062f2c1030 is an oop: java.lang.Class 
{0x000000062f2c1030} - klass: 'java/lang/Class'
 - ---- fields (total size 41 words):
 - private volatile transient 'classRedefinedCount' 'I' @12  0 (0x00000000)
 - injected 'klass' 'J' @16  139970702574128 (0x00007f4d78018230)
 - injected 'array_klass' 'J' @24  0 (0x0000000000000000)
 - injected 'oop_size' 'I' @32  41 (0x00000029)
 - injected 'static_oop_field_count' 'I' @36  0 (0x00000000)
 - private volatile transient 'cachedConstructor' 'Ljava/lang/reflect/Constructor;' @40  null (0x00000000)
 - private transient 'name' 'Ljava/lang/String;' @44  "org.lwjgl.stb.STBTruetype"{0x000000062f2c1188} (0xc5e58231)
 - private transient 'module' 'Ljava/lang/Module;' @48  a 'java/lang/Module'{0x00000007ffced190} (0xfff9da32)
 - private final 'classLoader' 'Ljava/lang/ClassLoader;' @52  a 'jdk/internal/loader/ClassLoaders$AppClassLoader'{0x00000007ffced128} (0xfff9da25)
 - private transient 'classData' 'Ljava/lang/Object;' @56  null (0x00000000)
 - private transient 'packageName' 'Ljava/lang/String;' @60  "org.lwjgl.stb"{0x000000062f2883f0} (0xc5e5107e)
 - private final 'componentType' 'Ljava/lang/Class;' @64  null (0x00000000)
 - private volatile transient 'reflectionData' 'Ljava/lang/ref/SoftReference;' @68  null (0x00000000)
 - private volatile transient 'genericInfo' 'Lsun/reflect/generics/repository/ClassRepository;' @72  null (0x00000000)
 - private volatile transient 'enumConstants' '[Ljava/lang/Object;' @76  null (0x00000000)
 - private volatile transient 'enumConstantDirectory' 'Ljava/util/Map;' @80  null (0x00000000)
 - private volatile transient 'annotationData' 'Ljava/lang/Class$AnnotationData;' @84  null (0x00000000)
 - private volatile transient 'annotationType' 'Lsun/reflect/annotation/AnnotationType;' @88  null (0x00000000)
 - transient 'classValueMap' 'Ljava/lang/ClassValue$ClassValueMap;' @92  null (0x00000000)
 - injected 'protection_domain' 'Ljava/lang/Object;' @96  a 'java/security/ProtectionDomain'{0x000000062f28ed40} (0xc5e51da8)
 - injected 'signers_name' 'Ljava/lang/Object;' @100  null (0x00000000)
 - injected 'source_file' 'Ljava/lang/Object;' @104  null (0x00000000)
 - injected '<init_lock>' 'Ljava/lang/Object;' @108  null (0x00000000)
 - signature: Lorg/lwjgl/stb/STBTruetype;
 - ---- static fields (0):
 - public static final 'STBTT_vmove' 'B' @320  1 (0x01)
 - public static final 'STBTT_vline' 'B' @321  2 (0x02)
 - public static final 'STBTT_vcurve' 'B' @322  3 (0x03)
 - public static final 'STBTT_vcubic' 'B' @323  4 (0x04)
 - public static final 'STBTT_MACSTYLE_DONTCARE' 'I' @112  0 (0x00000000)
 - public static final 'STBTT_MACSTYLE_BOLD' 'I' @116  1 (0x00000001)
 - public static final 'STBTT_MACSTYLE_ITALIC' 'I' @120  2 (0x00000002)
 - public static final 'STBTT_MACSTYLE_UNDERSCORE' 'I' @124  4 (0x00000004)
 - public static final 'STBTT_MACSTYLE_NONE' 'I' @128  8 (0x00000008)
 - public static final 'STBTT_PLATFORM_ID_UNICODE' 'I' @132  0 (0x00000000)
 - public static final 'STBTT_PLATFORM_ID_MAC' 'I' @136  1 (0x00000001)
 - public static final 'STBTT_PLATFORM_ID_ISO' 'I' @140  2 (0x00000002)
 - public static final 'STBTT_PLATFORM_ID_MICROSOFT' 'I' @144  3 (0x00000003)
 - public static final 'STBTT_UNICODE_EID_UNICODE_1_0' 'I' @148  0 (0x00000000)
 - public static final 'STBTT_UNICODE_EID_UNICODE_1_1' 'I' @152  1 (0x00000001)
 - public static final 'STBTT_UNICODE_EID_ISO_10646' 'I' @156  2 (0x00000002)
 - public static final 'STBTT_UNICODE_EID_UNICODE_2_0_BMP' 'I' @160  3 (0x00000003)
 - public static final 'STBTT_UNICODE_EID_UNICODE_2_0_FULL' 'I' @164  4 (0x00000004)
 - public static final 'STBTT_MS_EID_SYMBOL' 'I' @168  0 (0x00000000)
 - public static final 'STBTT_MS_EID_UNICODE_BMP' 'I' @172  1 (0x00000001)
 - public static final 'STBTT_MS_EID_SHIFTJIS' 'I' @176  2 (0x00000002)
 - public static final 'STBTT_MS_EID_UNICODE_FULL' 'I' @180  10 (0x0000000a)
 - public static final 'STBTT_MAC_EID_ROMAN' 'I' @184  0 (0x00000000)
 - public static final 'STBTT_MAC_EID_JAPANESE' 'I' @188  1 (0x00000001)
 - public static final 'STBTT_MAC_EID_CHINESE_TRAD' 'I' @192  2 (0x00000002)
 - public static final 'STBTT_MAC_EID_KOREAN' 'I' @196  3 (0x00000003)
 - public static final 'STBTT_MAC_EID_ARABIC' 'I' @200  4 (0x00000004)
 - public static final 'STBTT_MAC_EID_HEBREW' 'I' @204  5 (0x00000005)
 - public static final 'STBTT_MAC_EID_GREEK' 'I' @208  6 (0x00000006)
 - public static final 'STBTT_MAC_EID_RUSSIAN' 'I' @212  7 (0x00000007)
 - public static final 'STBTT_MS_LANG_ENGLISH' 'I' @216  1033 (0x00000409)
 - public static final 'STBTT_MS_LANG_CHINESE' 'I' @220  2052 (0x00000804)
 - public static final 'STBTT_MS_LANG_DUTCH' 'I' @224  1043 (0x00000413)
 - public static final 'STBTT_MS_LANG_FRENCH' 'I' @228  1036 (0x0000040c)
 - public static final 'STBTT_MS_LANG_GERMAN' 'I' @232  1031 (0x00000407)
 - public static final 'STBTT_MS_LANG_HEBREW' 'I' @236  1037 (0x0000040d)
 - public static final 'STBTT_MS_LANG_ITALIAN' 'I' @240  1040 (0x00000410)
 - public static final 'STBTT_MS_LANG_JAPANESE' 'I' @244  1041 (0x00000411)
 - public static final 'STBTT_MS_LANG_KOREAN' 'I' @248  1042 (0x00000412)
 - public static final 'STBTT_MS_LANG_RUSSIAN' 'I' @252  1049 (0x00000419)
 - public static final 'STBTT_MS_LANG_SPANISH' 'I' @256  1033 (0x00000409)
 - public static final 'STBTT_MS_LANG_SWEDISH' 'I' @260  1053 (0x0000041d)
 - public static final 'STBTT_MAC_LANG_ENGLISH' 'I' @264  0 (0x00000000)
 - public static final 'STBTT_MAC_LANG_ARABIC' 'I' @268  12 (0x0000000c)
 - public static final 'STBTT_MAC_LANG_DUTCH' 'I' @272  4 (0x00000004)
 - public static final 'STBTT_MAC_LANG_FRENCH' 'I' @276  1 (0x00000001)
 - public static final 'STBTT_MAC_LANG_GERMAN' 'I' @280  2 (0x00000002)
 - public static final 'STBTT_MAC_LANG_HEBREW' 'I' @284  10 (0x0000000a)
 - public static final 'STBTT_MAC_LANG_ITALIAN' 'I' @288  3 (0x00000003)
 - public static final 'STBTT_MAC_LANG_JAPANESE' 'I' @292  11 (0x0000000b)
 - public static final 'STBTT_MAC_LANG_KOREAN' 'I' @296  23 (0x00000017)
 - public static final 'STBTT_MAC_LANG_RUSSIAN' 'I' @300  32 (0x00000020)
 - public static final 'STBTT_MAC_LANG_SPANISH' 'I' @304  6 (0x00000006)
 - public static final 'STBTT_MAC_LANG_SWEDISH' 'I' @308  5 (0x00000005)
 - public static final 'STBTT_MAC_LANG_CHINESE_SIMPLIFIED' 'I' @312  33 (0x00000021)
 - public static final 'STBTT_MAC_LANG_CHINESE_TRAD' 'I' @316  19 (0x00000013)
R12=0x0 is null
R13={method} {0x00007f4d6c54dbc0} 'nstbtt_InitFont' '(JJI)I' in 'org/lwjgl/stb/STBTruetype'
R14=0x00007f4df6ffe6f0 is pointing into the stack for thread: 0x00007f4df002b710
R15=0x00007f4df002b710 is a thread

Top of Stack: (sp=0x00007f4df6ffe5a8)
0x00007f4df6ffe5a8:   00007f4d74f53da0 00007f4ddfd3ea90
0x00007f4df6ffe5b8:   00007f4df002b710 00007f4df6ffe5f0
0x00007f4df6ffe5c8:   00007f4df00192d0 00007f4df6ffe6f0
0x00007f4df6ffe5d8:   00007f4df002b710 00007f4df6ffe620
0x00007f4df6ffe5e8:   00007f4df790b364 00007f4d6c54dbc0
0x00007f4df6ffe5f8:   00007f4df002b710 0000000000000000
0x00007f4df6ffe608:   00007f4d6c54dbc0 00007f4df6ffe6b0
0x00007f4df6ffe618:   0000000000000000 00007f4d6c54dbc0
0x00007f4df6ffe628:   00007f4df6ffe6f0 00007f4df002b710
0x00007f4df6ffe638:   00007f4ddfd43ac0 0000000000000000
0x00007f4df6ffe648:   00007f4d6c54dbc0 00007f4df6ffe6b0
0x00007f4df6ffe658:   00007f4ddfd437a5 00007f4ddfd4375f
0x00007f4df6ffe668:   00007f4df6ffe668 00007f4d6c54dbc0
0x00007f4df6ffe678:   0000000000000008 00007f4d6c558000
0x00007f4df6ffe688:   0000000000000000 000000062f2c1030
0x00007f4df6ffe698:   00007f4d6c54dbc0 0000000000000000
0x00007f4df6ffe6a8:   00007f4df6ffe6d0 00007f4df6ffe740
0x00007f4df6ffe6b8:   00007f4ddfd3f2a8 000000062f2c1030
0x00007f4df6ffe6c8:   00007f4ddfd40fd5 0000000000000000
0x00007f4df6ffe6d8:   0000000000000010 0000000000000000
0x00007f4df6ffe6e8:   00007f4df0220220 0000000000000000
0x00007f4df6ffe6f8:   00007f4df6ffe6f8 00007f4d6c54dd91
0x00007f4df6ffe708:   0000000000000003 00007f4d6c558000
0x00007f4df6ffe718:   0000000000000000 000000062f2c1030
0x00007f4df6ffe728:   00007f4d6c54ddd0 00007f4df6ffe6d0
0x00007f4df6ffe738:   00007f4df6ffe750 00007f4df6ffe7a8
0x00007f4df6ffe748:   00007f4ddfd3f2a8 000000062f287348
0x00007f4df6ffe758:   000000062f2a7f60 00007f4df6ffe760
0x00007f4df6ffe768:   00007f4d6c57ce1b 0000000000000003
0x00007f4df6ffe778:   00007f4d6c57d568 0000000000000000
0x00007f4df6ffe788:   000000062f27d880 00007f4d6c57cf38
0x00007f4df6ffe798:   00007f4df6ffe750 00007f4df6ffe7c0 

Instructions: (pc=0x00007f4d74f53b4a)
0x00007f4d74f53a4a:   c1 e7 08 44 39 c2 0f 8e bd 00 00 00 4d 63 c0 83
0x00007f4d74f53a5a:   c6 04 42 0f b6 1c 01 09 fb c1 e3 08 39 f2 0f 8e
0x00007f4d74f53a6a:   1b fd ff ff 48 63 f6 0f b6 14 31 09 d3 e9 0d fd
0x00007f4d74f53a7a:   ff ff 44 39 c2 0f 8e be fd ff ff 4d 63 c0 44 8d
0x00007f4d74f53a8a:   4e 02 42 0f b6 04 01 41 89 c0 41 c1 e0 08 44 39
0x00007f4d74f53a9a:   ca 0f 8e 84 00 00 00 4d 63 c9 8d 7e 03 42 0f b6
0x00007f4d74f53aaa:   04 09 44 09 c0 41 89 c0 41 c1 e0 08 39 fa 7e 63
0x00007f4d74f53aba:   48 63 ff 83 c6 04 0f b6 04 39 44 09 c0 c1 e0 08
0x00007f4d74f53aca:   39 f2 0f 8e e3 fd ff ff 48 63 f6 0f b6 14 31 09
0x00007f4d74f53ada:   d0 e9 d5 fd ff ff 44 39 c2 0f 8e 5a fd ff ff 4d
0x00007f4d74f53aea:   63 c0 83 c6 02 42 0f b6 04 01 c1 e0 08 39 f2 7f
0x00007f4d74f53afa:   d7 e9 b5 fd ff ff 44 89 c6 c1 e0 10 c1 e0 08 e9
0x00007f4d74f53b0a:   22 fc ff ff 31 ff c1 e7 10 89 fb c1 e3 08 e9 6c
0x00007f4d74f53b1a:   fc ff ff c1 e0 10 e9 90 fd ff ff c1 e0 18 e9 88
0x00007f4d74f53b2a:   fd ff ff 44 89 c6 e9 fb fb ff ff 66 66 2e 0f 1f
0x00007f4d74f53b3a:   84 00 00 00 00 00 89 f0 49 89 d2 48 8d 44 07 04
0x00007f4d74f53b4a:   44 0f b6 00 0f b6 40 01 41 c1 e0 08 41 01 c0 8d
0x00007f4d74f53b5a:   46 0c 45 0f b7 c0 45 85 c0 74 7b 44 0f be 0a 31
0x00007f4d74f53b6a:   d2 eb 0e 0f 1f 00 83 c2 01 83 c0 10 41 39 d0 74
0x00007f4d74f53b7a:   65 89 c1 0f b6 34 0f 44 39 ce 75 ea 44 0f b6 5c
0x00007f4d74f53b8a:   0f 01 41 0f be 72 01 41 39 f3 75 da 44 0f b6 5c
0x00007f4d74f53b9a:   0f 02 41 0f be 72 02 41 39 f3 75 ca 44 0f b6 5c
0x00007f4d74f53baa:   0f 03 41 0f be 72 03 41 39 f3 75 ba 48 8d 54 0f
0x00007f4d74f53bba:   08 0f b6 02 0f b6 4a 01 c1 e0 18 c1 e1 10 01 c8
0x00007f4d74f53bca:   0f b6 4a 02 0f b6 52 03 c1 e1 08 01 c8 01 d0 c3
0x00007f4d74f53bda:   66 0f 1f 44 00 00 31 c0 c3 66 66 2e 0f 1f 84 00
0x00007f4d74f53bea:   00 00 00 00 66 90 0f b6 0f 48 89 f8 89 f2 80 f9
0x00007f4d74f53bfa:   31 0f 84 0f 01 00 00 80 f9 74 0f 85 be 00 00 00
0x00007f4d74f53c0a:   0f b6 4f 01 80 f9 79 0f 84 11 01 00 00 80 f9 72
0x00007f4d74f53c1a:   0f 84 20 01 00 00 80 f9 74 0f 85 dd 00 00 00 80
0x00007f4d74f53c2a:   7f 02 63 0f 85 d3 00 00 00 80 7f 03 66 0f 85 c9
0x00007f4d74f53c3a:   00 00 00 0f b6 4f 04 0f b6 77 05 c1 e1 18 c1 e6 


Stack slot to memory mapping:

stack at sp + 0 slots: 0x00007f4d74f53da0: <offset 0x0000000000050da0> in /tmp/lwjgl_emn4tor/3.3.4+7/x64/liblwjgl_stb.so at 0x00007f4d74f03000
stack at sp + 1 slots: 0x00007f4ddfd3ea90 is at code_begin+-112 in 
[CodeBlob (0x00007f4ddfd3ea90)]
Framesize: 0
BufferBlob (0x00007f4ddfd3ea90) used for Interpreter
stack at sp + 2 slots: 0x00007f4df002b710 is a thread
stack at sp + 3 slots: 0x00007f4df6ffe5f0 is pointing into the stack for thread: 0x00007f4df002b710
stack at sp + 4 slots: 0x00007f4df00192d0 points into unknown readable memory: 0x0000004000000001 | 01 00 00 00 40 00 00 00
stack at sp + 5 slots: 0x00007f4df6ffe6f0 is pointing into the stack for thread: 0x00007f4df002b710
stack at sp + 6 slots: 0x00007f4df002b710 is a thread
stack at sp + 7 slots: 0x00007f4df6ffe620 is pointing into the stack for thread: 0x00007f4df002b710


---------------  P R O C E S S  ---------------

Threads class SMR info:
_java_thread_list=0x00007f4d501b5fd0, length=11, elements={
0x00007f4df002b710, 0x00007f4df013b500, 0x00007f4df013cb80, 0x00007f4df013e300,
0x00007f4df013f930, 0x00007f4df0140ec0, 0x00007f4df01429f0, 0x00007f4df01440a0,
0x00007f4df01506d0, 0x00007f4df0153800, 0x00007f4d501b5550
}

Java Threads: ( => current thread )
=>0x00007f4df002b710 JavaThread "main"                              [_thread_in_native, id=297541, stack(0x00007f4df6f00000,0x00007f4df7000000) (1024K)]
  0x00007f4df013b500 JavaThread "Reference Handler"          daemon [_thread_blocked, id=297549, stack(0x00007f4dcd7fd000,0x00007f4dcd8fd000) (1024K)]
  0x00007f4df013cb80 JavaThread "Finalizer"                  daemon [_thread_blocked, id=297550, stack(0x00007f4dcd300000,0x00007f4dcd400000) (1024K)]
  0x00007f4df013e300 JavaThread "Signal Dispatcher"          daemon [_thread_blocked, id=297551, stack(0x00007f4dcd1ff000,0x00007f4dcd2ff000) (1024K)]
  0x00007f4df013f930 JavaThread "Service Thread"             daemon [_thread_blocked, id=297552, stack(0x00007f4dcd0fe000,0x00007f4dcd1fe000) (1024K)]
  0x00007f4df0140ec0 JavaThread "Monitor Deflation Thread"   daemon [_thread_blocked, id=297553, stack(0x00007f4dccffd000,0x00007f4dcd0fd000) (1024K)]
  0x00007f4df01429f0 JavaThread "C2 CompilerThread0"         daemon [_thread_blocked, id=297554, stack(0x00007f4dccefc000,0x00007f4dccffc000) (1024K)]
  0x00007f4df01440a0 JavaThread "C1 CompilerThread0"         daemon [_thread_blocked, id=297555, stack(0x00007f4dccdfb000,0x00007f4dccefb000) (1024K)]
  0x00007f4df01506d0 JavaThread "Notification Thread"        daemon [_thread_blocked, id=297556, stack(0x00007f4dcccfa000,0x00007f4dccdfa000) (1024K)]
  0x00007f4df0153800 JavaThread "Common-Cleaner"             daemon [_thread_blocked, id=297557, stack(0x00007f4dcc900000,0x00007f4dcca00000) (1024K)]
  0x00007f4d501b5550 JavaThread "C2 CompilerThread1"         daemon [_thread_blocked, id=297575, stack(0x00007f4dcc500000,0x00007f4dcc600000) (1024K)]
Total: 11

Other Threads:
  0x00007f4df0131180 VMThread "VM Thread"                           [id=297548, stack(0x00007f4dcd8fe000,0x00007f4dcd9fe000) (1024K)]
  0x00007f4df011f2e0 WatcherThread "VM Periodic Task Thread"        [id=297547, stack(0x00007f4dcd9ff000,0x00007f4dcdaff000) (1024K)]
  0x00007f4df0056960 WorkerThread "GC Thread#0"                     [id=297542, stack(0x00007f4df4d7a000,0x00007f4df4e7a000) (1024K)]
  0x00007f4df0067740 ConcurrentGCThread "G1 Main Marker"            [id=297543, stack(0x00007f4df4c79000,0x00007f4df4d79000) (1024K)]
  0x00007f4df00686e0 WorkerThread "G1 Conc#0"                       [id=297544, stack(0x00007f4df4b78000,0x00007f4df4c78000) (1024K)]
  0x00007f4df0104370 ConcurrentGCThread "G1 Refine#0"               [id=297545, stack(0x00007f4df406d000,0x00007f4df416d000) (1024K)]
  0x00007f4df0105320 ConcurrentGCThread "G1 Service"                [id=297546, stack(0x00007f4dcdb00000,0x00007f4dcdc00000) (1024K)]
Total: 7

Threads with active compile tasks:
Total: 0

VM state: not at safepoint (normal execution)

VM Mutex/Monitor currently owned by a thread: None

Heap address: 0x0000000610800000, size: 7928 MB, Compressed Oops mode: Zero based, Oop shift amount: 3

CDS archive(s) mapped at: [0x00007f4d77000000-0x00007f4d77ca0000-0x00007f4d77ca0000), size 13238272, SharedBaseAddress: 0x00007f4d77000000, ArchiveRelocationMode: 1.
Compressed class space mapped at: 0x00007f4d78000000-0x00007f4db8000000, reserved size: 1073741824
Narrow klass base: 0x00007f4d77000000, Narrow klass shift: 0, Narrow klass range: 0x100000000

GC Precious Log:
 CardTable entry size: 512
 Card Set container configuration: InlinePtr #cards 4 size 8 Array Of Cards #cards 32 size 80 Howl #buckets 8 coarsen threshold 7372 Howl Bitmap #cards 1024 size 144 coarsen threshold 921 Card regions per heap region 1 cards per card region 8192
 CPUs: 12 total, 12 available
 Memory: 31701M
 Large Page Support: Disabled
 NUMA Support: Disabled
 Compressed Oops: Enabled (Zero based)
 Heap Region Size: 4M
 Heap Min Capacity: 8M
 Heap Initial Capacity: 496M
 Heap Max Capacity: 7928M
 Pre-touch: Disabled
 Parallel Workers: 10
 Concurrent Workers: 3
 Concurrent Refinement Workers: 10
 Periodic GC: Disabled

Heap:
 garbage-first heap   total 512000K, used 5169K [0x0000000610800000, 0x0000000800000000)
  region size 4096K, 2 young (8192K), 0 survivors (0K)
 Metaspace       used 3133K, committed 3264K, reserved 1114112K
  class space    used 200K, committed 256K, reserved 1048576K

Heap Regions: E=young(eden), S=young(survivor), O=old, HS=humongous(starts), HC=humongous(continues), CS=collection set, F=free, TAMS=top-at-mark-start, PB=parsable bottom
|   0|0x0000000610800000, 0x0000000610800000, 0x0000000610c00000|  0%| F|  |TAMS 0x0000000610800000| PB 0x0000000610800000| Untracked 
|   1|0x0000000610c00000, 0x0000000610c00000, 0x0000000611000000|  0%| F|  |TAMS 0x0000000610c00000| PB 0x0000000610c00000| Untracked 
|   2|0x0000000611000000, 0x0000000611000000, 0x0000000611400000|  0%| F|  |TAMS 0x0000000611000000| PB 0x0000000611000000| Untracked 
|   3|0x0000000611400000, 0x0000000611400000, 0x0000000611800000|  0%| F|  |TAMS 0x0000000611400000| PB 0x0000000611400000| Untracked 
|   4|0x0000000611800000, 0x0000000611800000, 0x0000000611c00000|  0%| F|  |TAMS 0x0000000611800000| PB 0x0000000611800000| Untracked 
|   5|0x0000000611c00000, 0x0000000611c00000, 0x0000000612000000|  0%| F|  |TAMS 0x0000000611c00000| PB 0x0000000611c00000| Untracked 
|   6|0x0000000612000000, 0x0000000612000000, 0x0000000612400000|  0%| F|  |TAMS 0x0000000612000000| PB 0x0000000612000000| Untracked 
|   7|0x0000000612400000, 0x0000000612400000, 0x0000000612800000|  0%| F|  |TAMS 0x0000000612400000| PB 0x0000000612400000| Untracked 
|   8|0x0000000612800000, 0x0000000612800000, 0x0000000612c00000|  0%| F|  |TAMS 0x0000000612800000| PB 0x0000000612800000| Untracked 
|   9|0x0000000612c00000, 0x0000000612c00000, 0x0000000613000000|  0%| F|  |TAMS 0x0000000612c00000| PB 0x0000000612c00000| Untracked 
|  10|0x0000000613000000, 0x0000000613000000, 0x0000000613400000|  0%| F|  |TAMS 0x0000000613000000| PB 0x0000000613000000| Untracked 
|  11|0x0000000613400000, 0x0000000613400000, 0x0000000613800000|  0%| F|  |TAMS 0x0000000613400000| PB 0x0000000613400000| Untracked 
|  12|0x0000000613800000, 0x0000000613800000, 0x0000000613c00000|  0%| F|  |TAMS 0x0000000613800000| PB 0x0000000613800000| Untracked 
|  13|0x0000000613c00000, 0x0000000613c00000, 0x0000000614000000|  0%| F|  |TAMS 0x0000000613c00000| PB 0x0000000613c00000| Untracked 
|  14|0x0000000614000000, 0x0000000614000000, 0x0000000614400000|  0%| F|  |TAMS 0x0000000614000000| PB 0x0000000614000000| Untracked 
|  15|0x0000000614400000, 0x0000000614400000, 0x0000000614800000|  0%| F|  |TAMS 0x0000000614400000| PB 0x0000000614400000| Untracked 
|  16|0x0000000614800000, 0x0000000614800000, 0x0000000614c00000|  0%| F|  |TAMS 0x0000000614800000| PB 0x0000000614800000| Untracked 
|  17|0x0000000614c00000, 0x0000000614c00000, 0x0000000615000000|  0%| F|  |TAMS 0x0000000614c00000| PB 0x0000000614c00000| Untracked 
|  18|0x0000000615000000, 0x0000000615000000, 0x0000000615400000|  0%| F|  |TAMS 0x0000000615000000| PB 0x0000000615000000| Untracked 
|  19|0x0000000615400000, 0x0000000615400000, 0x0000000615800000|  0%| F|  |TAMS 0x0000000615400000| PB 0x0000000615400000| Untracked 
|  20|0x0000000615800000, 0x0000000615800000, 0x0000000615c00000|  0%| F|  |TAMS 0x0000000615800000| PB 0x0000000615800000| Untracked 
|  21|0x0000000615c00000, 0x0000000615c00000, 0x0000000616000000|  0%| F|  |TAMS 0x0000000615c00000| PB 0x0000000615c00000| Untracked 
|  22|0x0000000616000000, 0x0000000616000000, 0x0000000616400000|  0%| F|  |TAMS 0x0000000616000000| PB 0x0000000616000000| Untracked 
|  23|0x0000000616400000, 0x0000000616400000, 0x0000000616800000|  0%| F|  |TAMS 0x0000000616400000| PB 0x0000000616400000| Untracked 
|  24|0x0000000616800000, 0x0000000616800000, 0x0000000616c00000|  0%| F|  |TAMS 0x0000000616800000| PB 0x0000000616800000| Untracked 
|  25|0x0000000616c00000, 0x0000000616c00000, 0x0000000617000000|  0%| F|  |TAMS 0x0000000616c00000| PB 0x0000000616c00000| Untracked 
|  26|0x0000000617000000, 0x0000000617000000, 0x0000000617400000|  0%| F|  |TAMS 0x0000000617000000| PB 0x0000000617000000| Untracked 
|  27|0x0000000617400000, 0x0000000617400000, 0x0000000617800000|  0%| F|  |TAMS 0x0000000617400000| PB 0x0000000617400000| Untracked 
|  28|0x0000000617800000, 0x0000000617800000, 0x0000000617c00000|  0%| F|  |TAMS 0x0000000617800000| PB 0x0000000617800000| Untracked 
|  29|0x0000000617c00000, 0x0000000617c00000, 0x0000000618000000|  0%| F|  |TAMS 0x0000000617c00000| PB 0x0000000617c00000| Untracked 
|  30|0x0000000618000000, 0x0000000618000000, 0x0000000618400000|  0%| F|  |TAMS 0x0000000618000000| PB 0x0000000618000000| Untracked 
|  31|0x0000000618400000, 0x0000000618400000, 0x0000000618800000|  0%| F|  |TAMS 0x0000000618400000| PB 0x0000000618400000| Untracked 
|  32|0x0000000618800000, 0x0000000618800000, 0x0000000618c00000|  0%| F|  |TAMS 0x0000000618800000| PB 0x0000000618800000| Untracked 
|  33|0x0000000618c00000, 0x0000000618c00000, 0x0000000619000000|  0%| F|  |TAMS 0x0000000618c00000| PB 0x0000000618c00000| Untracked 
|  34|0x0000000619000000, 0x0000000619000000, 0x0000000619400000|  0%| F|  |TAMS 0x0000000619000000| PB 0x0000000619000000| Untracked 
|  35|0x0000000619400000, 0x0000000619400000, 0x0000000619800000|  0%| F|  |TAMS 0x0000000619400000| PB 0x0000000619400000| Untracked 
|  36|0x0000000619800000, 0x0000000619800000, 0x0000000619c00000|  0%| F|  |TAMS 0x0000000619800000| PB 0x0000000619800000| Untracked 
|  37|0x0000000619c00000, 0x0000000619c00000, 0x000000061a000000|  0%| F|  |TAMS 0x0000000619c00000| PB 0x0000000619c00000| Untracked 
|  38|0x000000061a000000, 0x000000061a000000, 0x000000061a400000|  0%| F|  |TAMS 0x000000061a000000| PB 0x000000061a000000| Untracked 
|  39|0x000000061a400000, 0x000000061a400000, 0x000000061a800000|  0%| F|  |TAMS 0x000000061a400000| PB 0x000000061a400000| Untracked 
|  40|0x000000061a800000, 0x000000061a800000, 0x000000061ac00000|  0%| F|  |TAMS 0x000000061a800000| PB 0x000000061a800000| Untracked 
|  41|0x000000061ac00000, 0x000000061ac00000, 0x000000061b000000|  0%| F|  |TAMS 0x000000061ac00000| PB 0x000000061ac00000| Untracked 
|  42|0x000000061b000000, 0x000000061b000000, 0x000000061b400000|  0%| F|  |TAMS 0x000000061b000000| PB 0x000000061b000000| Untracked 
|  43|0x000000061b400000, 0x000000061b400000, 0x000000061b800000|  0%| F|  |TAMS 0x000000061b400000| PB 0x000000061b400000| Untracked 
|  44|0x000000061b800000, 0x000000061b800000, 0x000000061bc00000|  0%| F|  |TAMS 0x000000061b800000| PB 0x000000061b800000| Untracked 
|  45|0x000000061bc00000, 0x000000061bc00000, 0x000000061c000000|  0%| F|  |TAMS 0x000000061bc00000| PB 0x000000061bc00000| Untracked 
|  46|0x000000061c000000, 0x000000061c000000, 0x000000061c400000|  0%| F|  |TAMS 0x000000061c000000| PB 0x000000061c000000| Untracked 
|  47|0x000000061c400000, 0x000000061c400000, 0x000000061c800000|  0%| F|  |TAMS 0x000000061c400000| PB 0x000000061c400000| Untracked 
|  48|0x000000061c800000, 0x000000061c800000, 0x000000061cc00000|  0%| F|  |TAMS 0x000000061c800000| PB 0x000000061c800000| Untracked 
|  49|0x000000061cc00000, 0x000000061cc00000, 0x000000061d000000|  0%| F|  |TAMS 0x000000061cc00000| PB 0x000000061cc00000| Untracked 
|  50|0x000000061d000000, 0x000000061d000000, 0x000000061d400000|  0%| F|  |TAMS 0x000000061d000000| PB 0x000000061d000000| Untracked 
|  51|0x000000061d400000, 0x000000061d400000, 0x000000061d800000|  0%| F|  |TAMS 0x000000061d400000| PB 0x000000061d400000| Untracked 
|  52|0x000000061d800000, 0x000000061d800000, 0x000000061dc00000|  0%| F|  |TAMS 0x000000061d800000| PB 0x000000061d800000| Untracked 
|  53|0x000000061dc00000, 0x000000061dc00000, 0x000000061e000000|  0%| F|  |TAMS 0x000000061dc00000| PB 0x000000061dc00000| Untracked 
|  54|0x000000061e000000, 0x000000061e000000, 0x000000061e400000|  0%| F|  |TAMS 0x000000061e000000| PB 0x000000061e000000| Untracked 
|  55|0x000000061e400000, 0x000000061e400000, 0x000000061e800000|  0%| F|  |TAMS 0x000000061e400000| PB 0x000000061e400000| Untracked 
|  56|0x000000061e800000, 0x000000061e800000, 0x000000061ec00000|  0%| F|  |TAMS 0x000000061e800000| PB 0x000000061e800000| Untracked 
|  57|0x000000061ec00000, 0x000000061ec00000, 0x000000061f000000|  0%| F|  |TAMS 0x000000061ec00000| PB 0x000000061ec00000| Untracked 
|  58|0x000000061f000000, 0x000000061f000000, 0x000000061f400000|  0%| F|  |TAMS 0x000000061f000000| PB 0x000000061f000000| Untracked 
|  59|0x000000061f400000, 0x000000061f400000, 0x000000061f800000|  0%| F|  |TAMS 0x000000061f400000| PB 0x000000061f400000| Untracked 
|  60|0x000000061f800000, 0x000000061f800000, 0x000000061fc00000|  0%| F|  |TAMS 0x000000061f800000| PB 0x000000061f800000| Untracked 
|  61|0x000000061fc00000, 0x000000061fc00000, 0x0000000620000000|  0%| F|  |TAMS 0x000000061fc00000| PB 0x000000061fc00000| Untracked 
|  62|0x0000000620000000, 0x0000000620000000, 0x0000000620400000|  0%| F|  |TAMS 0x0000000620000000| PB 0x0000000620000000| Untracked 
|  63|0x0000000620400000, 0x0000000620400000, 0x0000000620800000|  0%| F|  |TAMS 0x0000000620400000| PB 0x0000000620400000| Untracked 
|  64|0x0000000620800000, 0x0000000620800000, 0x0000000620c00000|  0%| F|  |TAMS 0x0000000620800000| PB 0x0000000620800000| Untracked 
|  65|0x0000000620c00000, 0x0000000620c00000, 0x0000000621000000|  0%| F|  |TAMS 0x0000000620c00000| PB 0x0000000620c00000| Untracked 
|  66|0x0000000621000000, 0x0000000621000000, 0x0000000621400000|  0%| F|  |TAMS 0x0000000621000000| PB 0x0000000621000000| Untracked 
|  67|0x0000000621400000, 0x0000000621400000, 0x0000000621800000|  0%| F|  |TAMS 0x0000000621400000| PB 0x0000000621400000| Untracked 
|  68|0x0000000621800000, 0x0000000621800000, 0x0000000621c00000|  0%| F|  |TAMS 0x0000000621800000| PB 0x0000000621800000| Untracked 
|  69|0x0000000621c00000, 0x0000000621c00000, 0x0000000622000000|  0%| F|  |TAMS 0x0000000621c00000| PB 0x0000000621c00000| Untracked 
|  70|0x0000000622000000, 0x0000000622000000, 0x0000000622400000|  0%| F|  |TAMS 0x0000000622000000| PB 0x0000000622000000| Untracked 
|  71|0x0000000622400000, 0x0000000622400000, 0x0000000622800000|  0%| F|  |TAMS 0x0000000622400000| PB 0x0000000622400000| Untracked 
|  72|0x0000000622800000, 0x0000000622800000, 0x0000000622c00000|  0%| F|  |TAMS 0x0000000622800000| PB 0x0000000622800000| Untracked 
|  73|0x0000000622c00000, 0x0000000622c00000, 0x0000000623000000|  0%| F|  |TAMS 0x0000000622c00000| PB 0x0000000622c00000| Untracked 
|  74|0x0000000623000000, 0x0000000623000000, 0x0000000623400000|  0%| F|  |TAMS 0x0000000623000000| PB 0x0000000623000000| Untracked 
|  75|0x0000000623400000, 0x0000000623400000, 0x0000000623800000|  0%| F|  |TAMS 0x0000000623400000| PB 0x0000000623400000| Untracked 
|  76|0x0000000623800000, 0x0000000623800000, 0x0000000623c00000|  0%| F|  |TAMS 0x0000000623800000| PB 0x0000000623800000| Untracked 
|  77|0x0000000623c00000, 0x0000000623c00000, 0x0000000624000000|  0%| F|  |TAMS 0x0000000623c00000| PB 0x0000000623c00000| Untracked 
|  78|0x0000000624000000, 0x0000000624000000, 0x0000000624400000|  0%| F|  |TAMS 0x0000000624000000| PB 0x0000000624000000| Untracked 
|  79|0x0000000624400000, 0x0000000624400000, 0x0000000624800000|  0%| F|  |TAMS 0x0000000624400000| PB 0x0000000624400000| Untracked 
|  80|0x0000000624800000, 0x0000000624800000, 0x0000000624c00000|  0%| F|  |TAMS 0x0000000624800000| PB 0x0000000624800000| Untracked 
|  81|0x0000000624c00000, 0x0000000624c00000, 0x0000000625000000|  0%| F|  |TAMS 0x0000000624c00000| PB 0x0000000624c00000| Untracked 
|  82|0x0000000625000000, 0x0000000625000000, 0x0000000625400000|  0%| F|  |TAMS 0x0000000625000000| PB 0x0000000625000000| Untracked 
|  83|0x0000000625400000, 0x0000000625400000, 0x0000000625800000|  0%| F|  |TAMS 0x0000000625400000| PB 0x0000000625400000| Untracked 
|  84|0x0000000625800000, 0x0000000625800000, 0x0000000625c00000|  0%| F|  |TAMS 0x0000000625800000| PB 0x0000000625800000| Untracked 
|  85|0x0000000625c00000, 0x0000000625c00000, 0x0000000626000000|  0%| F|  |TAMS 0x0000000625c00000| PB 0x0000000625c00000| Untracked 
|  86|0x0000000626000000, 0x0000000626000000, 0x0000000626400000|  0%| F|  |TAMS 0x0000000626000000| PB 0x0000000626000000| Untracked 
|  87|0x0000000626400000, 0x0000000626400000, 0x0000000626800000|  0%| F|  |TAMS 0x0000000626400000| PB 0x0000000626400000| Untracked 
|  88|0x0000000626800000, 0x0000000626800000, 0x0000000626c00000|  0%| F|  |TAMS 0x0000000626800000| PB 0x0000000626800000| Untracked 
|  89|0x0000000626c00000, 0x0000000626c00000, 0x0000000627000000|  0%| F|  |TAMS 0x0000000626c00000| PB 0x0000000626c00000| Untracked 
|  90|0x0000000627000000, 0x0000000627000000, 0x0000000627400000|  0%| F|  |TAMS 0x0000000627000000| PB 0x0000000627000000| Untracked 
|  91|0x0000000627400000, 0x0000000627400000, 0x0000000627800000|  0%| F|  |TAMS 0x0000000627400000| PB 0x0000000627400000| Untracked 
|  92|0x0000000627800000, 0x0000000627800000, 0x0000000627c00000|  0%| F|  |TAMS 0x0000000627800000| PB 0x0000000627800000| Untracked 
|  93|0x0000000627c00000, 0x0000000627c00000, 0x0000000628000000|  0%| F|  |TAMS 0x0000000627c00000| PB 0x0000000627c00000| Untracked 
|  94|0x0000000628000000, 0x0000000628000000, 0x0000000628400000|  0%| F|  |TAMS 0x0000000628000000| PB 0x0000000628000000| Untracked 
|  95|0x0000000628400000, 0x0000000628400000, 0x0000000628800000|  0%| F|  |TAMS 0x0000000628400000| PB 0x0000000628400000| Untracked 
|  96|0x0000000628800000, 0x0000000628800000, 0x0000000628c00000|  0%| F|  |TAMS 0x0000000628800000| PB 0x0000000628800000| Untracked 
|  97|0x0000000628c00000, 0x0000000628c00000, 0x0000000629000000|  0%| F|  |TAMS 0x0000000628c00000| PB 0x0000000628c00000| Untracked 
|  98|0x0000000629000000, 0x0000000629000000, 0x0000000629400000|  0%| F|  |TAMS 0x0000000629000000| PB 0x0000000629000000| Untracked 
|  99|0x0000000629400000, 0x0000000629400000, 0x0000000629800000|  0%| F|  |TAMS 0x0000000629400000| PB 0x0000000629400000| Untracked 
| 100|0x0000000629800000, 0x0000000629800000, 0x0000000629c00000|  0%| F|  |TAMS 0x0000000629800000| PB 0x0000000629800000| Untracked 
| 101|0x0000000629c00000, 0x0000000629c00000, 0x000000062a000000|  0%| F|  |TAMS 0x0000000629c00000| PB 0x0000000629c00000| Untracked 
| 102|0x000000062a000000, 0x000000062a000000, 0x000000062a400000|  0%| F|  |TAMS 0x000000062a000000| PB 0x000000062a000000| Untracked 
| 103|0x000000062a400000, 0x000000062a400000, 0x000000062a800000|  0%| F|  |TAMS 0x000000062a400000| PB 0x000000062a400000| Untracked 
| 104|0x000000062a800000, 0x000000062a800000, 0x000000062ac00000|  0%| F|  |TAMS 0x000000062a800000| PB 0x000000062a800000| Untracked 
| 105|0x000000062ac00000, 0x000000062ac00000, 0x000000062b000000|  0%| F|  |TAMS 0x000000062ac00000| PB 0x000000062ac00000| Untracked 
| 106|0x000000062b000000, 0x000000062b000000, 0x000000062b400000|  0%| F|  |TAMS 0x000000062b000000| PB 0x000000062b000000| Untracked 
| 107|0x000000062b400000, 0x000000062b400000, 0x000000062b800000|  0%| F|  |TAMS 0x000000062b400000| PB 0x000000062b400000| Untracked 
| 108|0x000000062b800000, 0x000000062b800000, 0x000000062bc00000|  0%| F|  |TAMS 0x000000062b800000| PB 0x000000062b800000| Untracked 
| 109|0x000000062bc00000, 0x000000062bc00000, 0x000000062c000000|  0%| F|  |TAMS 0x000000062bc00000| PB 0x000000062bc00000| Untracked 
| 110|0x000000062c000000, 0x000000062c000000, 0x000000062c400000|  0%| F|  |TAMS 0x000000062c000000| PB 0x000000062c000000| Untracked 
| 111|0x000000062c400000, 0x000000062c400000, 0x000000062c800000|  0%| F|  |TAMS 0x000000062c400000| PB 0x000000062c400000| Untracked 
| 112|0x000000062c800000, 0x000000062c800000, 0x000000062cc00000|  0%| F|  |TAMS 0x000000062c800000| PB 0x000000062c800000| Untracked 
| 113|0x000000062cc00000, 0x000000062cc00000, 0x000000062d000000|  0%| F|  |TAMS 0x000000062cc00000| PB 0x000000062cc00000| Untracked 
| 114|0x000000062d000000, 0x000000062d000000, 0x000000062d400000|  0%| F|  |TAMS 0x000000062d000000| PB 0x000000062d000000| Untracked 
| 115|0x000000062d400000, 0x000000062d400000, 0x000000062d800000|  0%| F|  |TAMS 0x000000062d400000| PB 0x000000062d400000| Untracked 
| 116|0x000000062d800000, 0x000000062d800000, 0x000000062dc00000|  0%| F|  |TAMS 0x000000062d800000| PB 0x000000062d800000| Untracked 
| 117|0x000000062dc00000, 0x000000062dc00000, 0x000000062e000000|  0%| F|  |TAMS 0x000000062dc00000| PB 0x000000062dc00000| Untracked 
| 118|0x000000062e000000, 0x000000062e000000, 0x000000062e400000|  0%| F|  |TAMS 0x000000062e000000| PB 0x000000062e000000| Untracked 
| 119|0x000000062e400000, 0x000000062e400000, 0x000000062e800000|  0%| F|  |TAMS 0x000000062e400000| PB 0x000000062e400000| Untracked 
| 120|0x000000062e800000, 0x000000062e800000, 0x000000062ec00000|  0%| F|  |TAMS 0x000000062e800000| PB 0x000000062e800000| Untracked 
| 121|0x000000062ec00000, 0x000000062ec00000, 0x000000062f000000|  0%| F|  |TAMS 0x000000062ec00000| PB 0x000000062ec00000| Untracked 
| 122|0x000000062f000000, 0x000000062f34ac58, 0x000000062f400000| 82%| E|  |TAMS 0x000000062f000000| PB 0x000000062f000000| Complete 
| 123|0x000000062f400000, 0x000000062f800000, 0x000000062f800000|100%| E|CS|TAMS 0x000000062f400000| PB 0x000000062f400000| Complete 
|1981|0x00000007ffc00000, 0x00000007ffd0c7e8, 0x0000000800000000| 26%| O|  |TAMS 0x00000007ffc00000| PB 0x00000007ffc00000| Untracked 

Card table byte_map: [0x00007f4dd7884000,0x00007f4dd8800000] _byte_map_base: 0x00007f4dd4800000

Marking Bits: (CMBitMap*) 0x00007f4df0057480
 Bits: [0x00007f4dcfca4000, 0x00007f4dd7884000)

Polling page: 0x00007f4df8f0d000

Metaspace:

Usage:
  Non-class:      2,86 MB used.
      Class:    200,88 KB used.
       Both:      3,06 MB used.

Virtual space:
  Non-class space:       64,00 MB reserved,       2,94 MB (  5%) committed,  1 nodes.
      Class space:        1,00 GB reserved,     256,00 KB ( <1%) committed,  1 nodes.
             Both:        1,06 GB reserved,       3,19 MB ( <1%) committed. 

Chunk freelists:
   Non-Class:  10,52 MB
       Class:  15,64 MB
        Both:  26,16 MB

MaxMetaspaceSize: unlimited
CompressedClassSpaceSize: 1,00 GB
Initial GC threshold: 21,00 MB
Current GC threshold: 21,00 MB
CDS: on
 - commit_granule_bytes: 65536.
 - commit_granule_words: 8192.
 - virtual_space_node_default_size: 8388608.
 - enlarge_chunks_in_place: 1.
 - use_allocation_guard: 0.


Internal statistics:

num_allocs_failed_limit: 0.
num_arena_births: 66.
num_arena_deaths: 0.
num_vsnodes_births: 2.
num_vsnodes_deaths: 0.
num_space_committed: 49.
num_space_uncommitted: 0.
num_chunks_returned_to_freelist: 0.
num_chunks_taken_from_freelist: 154.
num_chunk_merges: 0.
num_chunk_splits: 88.
num_chunks_enlarged: 46.
num_inconsistent_stats: 0.

CodeHeap 'non-profiled nmethods': size=120028Kb used=193Kb max_used=193Kb free=119834Kb
 bounds [0x00007f4de02c9000, 0x00007f4de0539000, 0x00007f4de7800000]
CodeHeap 'profiled nmethods': size=120028Kb used=930Kb max_used=930Kb free=119097Kb
 bounds [0x00007f4dd8800000, 0x00007f4dd8a70000, 0x00007f4ddfd37000]
CodeHeap 'non-nmethods': size=5704Kb used=2318Kb max_used=2318Kb free=3386Kb
 bounds [0x00007f4ddfd37000, 0x00007f4ddffa7000, 0x00007f4de02c9000]
CodeCache: size=245760Kb, used=3441Kb, max_used=3441Kb, free=242317Kb
 total_blobs=1679, nmethods=629, adapters=956, full_count=0
Compilation: enabled, stopped_count=0, restarted_count=0

Compilation events (20 events):
Event: 0,394 Thread 0x00007f4df01429f0  619       4       jdk.internal.util.Preconditions::checkFromIndexSize (25 bytes)
Event: 0,395 Thread 0x00007f4df01429f0 nmethod 619 0x00007f4de02f8e10 code [0x00007f4de02f8f80, 0x00007f4de02f9050]
Event: 0,395 Thread 0x00007f4df01440a0 nmethod 617 0x00007f4dd88df990 code [0x00007f4dd88dfce0, 0x00007f4dd88e1248]
Event: 0,395 Thread 0x00007f4df01440a0  618   !   3       sun.nio.ch.NativeThreadSet::remove (90 bytes)
Event: 0,395 Thread 0x00007f4df01440a0 nmethod 618 0x00007f4dd88e1b90 code [0x00007f4dd88e1d40, 0x00007f4dd88e2030]
Event: 0,395 Thread 0x00007f4df01440a0  620       3       java.nio.MappedByteBuffer::limit (6 bytes)
Event: 0,395 Thread 0x00007f4df01440a0 nmethod 620 0x00007f4dd88e2210 code [0x00007f4dd88e23c0, 0x00007f4dd88e25c8]
Event: 0,395 Thread 0x00007f4df01440a0  621   !   3       sun.nio.ch.FileChannelImpl::read (288 bytes)
Event: 0,396 Thread 0x00007f4df01440a0 nmethod 621 0x00007f4dd88e2710 code [0x00007f4dd88e2a60, 0x00007f4dd88e3b08]
Event: 0,396 Thread 0x00007f4df01440a0  622       3       sun.nio.ch.IOUtil::read (14 bytes)
Event: 0,396 Thread 0x00007f4df01440a0 nmethod 622 0x00007f4dd88e4490 code [0x00007f4dd88e4640, 0x00007f4dd88e4770]
Event: 0,396 Thread 0x00007f4df01440a0  623   !   3       sun.nio.ch.IOUtil::read (133 bytes)
Event: 0,396 Thread 0x00007f4df01440a0 nmethod 623 0x00007f4dd88e4810 code [0x00007f4dd88e4a80, 0x00007f4dd88e53b0]
Event: 0,396 Thread 0x00007f4df01440a0  624       3       sun.nio.ch.Util::getTemporaryDirectBuffer (55 bytes)
Event: 0,396 Thread 0x00007f4df01440a0 nmethod 624 0x00007f4dd88e5790 code [0x00007f4dd88e5a20, 0x00007f4dd88e6588]
Event: 0,396 Thread 0x00007f4df01440a0  625       3       sun.nio.ch.Util$BufferCache::get (164 bytes)
Event: 0,396 Thread 0x00007f4df01440a0 nmethod 625 0x00007f4dd88e6910 code [0x00007f4dd88e6b40, 0x00007f4dd88e7540]
Event: 0,396 Thread 0x00007f4df01440a0  626       3       sun.nio.ch.Util$BufferCache::next (8 bytes)
Event: 0,396 Thread 0x00007f4df01440a0 nmethod 626 0x00007f4dd88e7890 code [0x00007f4dd88e7a20, 0x00007f4dd88e7b50]
Event: 0,396 Thread 0x00007f4df01440a0  627   !   3       jdk.internal.loader.URLClassPath$JarLoader::getResource (40 bytes)

GC Heap History (0 events):
No events

Dll operation events (9 events):
Event: 0,001 Loaded shared library /home/emn4tor/.jdks/corretto-21.0.8/lib/libjava.so
Event: 0,017 Loaded shared library /home/emn4tor/.jdks/corretto-21.0.8/lib/libjsvml.so
Event: 0,023 Loaded shared library /home/emn4tor/.jdks/corretto-21.0.8/lib/libnio.so
Event: 0,025 Loaded shared library /home/emn4tor/.jdks/corretto-21.0.8/lib/libzip.so
Event: 0,053 Loaded shared library /home/emn4tor/.jdks/corretto-21.0.8/lib/libjimage.so
Event: 0,057 Loaded shared library /home/emn4tor/.jdks/corretto-21.0.8/lib/libnet.so
Event: 0,062 Loaded shared library /tmp/lwjgl_emn4tor/3.3.4+7/x64/liblwjgl.so
Event: 0,226 Loaded shared library /tmp/lwjgl_emn4tor/3.3.4+7/x64/liblwjgl_opengl.so
Event: 0,394 Loaded shared library /tmp/lwjgl_emn4tor/3.3.4+7/x64/liblwjgl_stb.so

Deoptimization events (4 events):
Event: 0,115 Thread 0x00007f4df002b710 DEOPT PACKING pc=0x00007f4dd8817e48 sp=0x00007f4df6ffd600
Event: 0,115 Thread 0x00007f4df002b710 DEOPT UNPACKING pc=0x00007f4ddfd8f14f sp=0x00007f4df6ffca40 mode 0
Event: 0,229 Thread 0x00007f4df002b710 DEOPT PACKING pc=0x00007f4dd8805f49 sp=0x00007f4df6ffbac0
Event: 0,229 Thread 0x00007f4df002b710 DEOPT UNPACKING pc=0x00007f4ddfd8f14f sp=0x00007f4df6ffaf48 mode 0

Classes loaded (20 events):
Event: 0,096 Loading class java/lang/invoke/DirectMethodHandle$StaticAccessor
Event: 0,096 Loading class java/lang/invoke/DirectMethodHandle$StaticAccessor done
Event: 0,098 Loading class java/util/function/LongPredicate
Event: 0,098 Loading class java/util/function/LongPredicate done
Event: 0,099 Loading class java/lang/foreign/MemorySegment
Event: 0,099 Loading class java/lang/foreign/MemorySegment done
Event: 0,101 Loading class java/nio/InvalidMarkException
Event: 0,101 Loading class java/nio/InvalidMarkException done
Event: 0,101 Loading class java/nio/BufferUnderflowException
Event: 0,101 Loading class java/nio/BufferUnderflowException done
Event: 0,106 Loading class java/util/Formatter$FixedString
Event: 0,106 Loading class java/util/Formatter$FixedString done
Event: 0,113 Loading class java/lang/NoSuchFieldError
Event: 0,113 Loading class java/lang/NoSuchFieldError done
Event: 0,115 Loading class jdk/internal/reflect/MethodHandleIntegerFieldAccessorImpl
Event: 0,115 Loading class jdk/internal/reflect/MethodHandleIntegerFieldAccessorImpl done
Event: 0,391 Loading class jdk/internal/foreign/MemorySessionImpl
Event: 0,391 Loading class java/lang/foreign/MemorySegment$Scope
Event: 0,391 Loading class java/lang/foreign/MemorySegment$Scope done
Event: 0,391 Loading class jdk/internal/foreign/MemorySessionImpl done

Classes unloaded (0 events):
No events

Classes redefined (0 events):
No events

Internal exceptions (18 events):
Event: 0,046 Thread 0x00007f4df002b710 Exception <a 'java/lang/NoSuchMethodError'{0x000000062f699e90}: 'void java.lang.invoke.DirectMethodHandle$Holder.invokeStatic(java.lang.Object, java.lang.Object)'> (0x000000062f699e90) 
thrown [src/hotspot/share/interpreter/linkResolver.cpp, line 773]
Event: 0,047 Thread 0x00007f4df002b710 Exception <a 'java/lang/NoSuchMethodError'{0x000000062f69efc8}: 'void java.lang.System.load(java.lang.String, java.lang.Class)'> (0x000000062f69efc8) 
thrown [src/hotspot/share/interpreter/linkResolver.cpp, line 773]
Event: 0,047 Thread 0x00007f4df002b710 Exception <a 'java/lang/NoSuchMethodError'{0x000000062f69fc98}: 'void java.lang.invoke.DirectMethodHandle$Holder.invokeSpecial(java.lang.Object, java.lang.Object, java.lang.Object)'> (0x000000062f69fc98) 
thrown [src/hotspot/share/interpreter/linkResolver.cpp, line 773]
Event: 0,049 Thread 0x00007f4df002b710 Exception <a 'java/lang/NoSuchMethodError'{0x000000062f6b1cb8}: 'java.lang.Object java.lang.invoke.DirectMethodHandle$Holder.invokeStatic(java.lang.Object, java.lang.Object, int)'> (0x000000062f6b1cb8) 
thrown [src/hotspot/share/interpreter/linkResolver.cpp, line 773]
Event: 0,049 Thread 0x00007f4df002b710 Exception <a 'java/lang/NoSuchMethodError'{0x000000062f6bd510}: 'void java.lang.invoke.DelegatingMethodHandle$Holder.delegate(java.lang.Object, java.lang.Object, int, java.lang.Object)'> (0x000000062f6bd510) 
thrown [src/hotspot/share/interpreter/linkResolver.cpp, line 773]
Event: 0,049 Thread 0x00007f4df002b710 Exception <a 'java/lang/NoSuchMethodError'{0x000000062f6c1508}: 'int java.lang.invoke.DirectMethodHandle$Holder.invokeSpecial(java.lang.Object, java.lang.Object, java.lang.Object)'> (0x000000062f6c1508) 
thrown [src/hotspot/share/interpreter/linkResolver.cpp, line 773]
Event: 0,052 Thread 0x00007f4df002b710 Exception <a 'java/lang/NoSuchMethodError'{0x000000062f6dbc70}: 'void java.lang.System.loadLibrary(java.lang.String, java.lang.Class)'> (0x000000062f6dbc70) 
thrown [src/hotspot/share/interpreter/linkResolver.cpp, line 773]
Event: 0,098 Thread 0x00007f4df002b710 Exception <a 'java/lang/NoSuchMethodError'{0x000000062f027730}: 'int java.lang.invoke.DirectMethodHandle$Holder.invokeStaticInit(java.lang.Object, java.lang.Object, int, long)'> (0x000000062f027730) 
thrown [src/hotspot/share/interpreter/linkResolver.cpp, line 773]
Event: 0,098 Thread 0x00007f4df002b710 Exception <a 'java/lang/NoSuchMethodError'{0x000000062f02c858}: 'java.lang.Object java.lang.invoke.DirectMethodHandle$Holder.newInvokeSpecial(java.lang.Object, java.lang.Object, int)'> (0x000000062f02c858) 
thrown [src/hotspot/share/interpreter/linkResolver.cpp, line 773]
Event: 0,100 Thread 0x00007f4df002b710 Exception <a 'java/lang/NoSuchMethodError'{0x000000062f03b8d8}: 'int java.lang.invoke.DirectMethodHandle$Holder.invokeStaticInit(java.lang.Object, java.lang.Object, long, long)'> (0x000000062f03b8d8) 
thrown [src/hotspot/share/interpreter/linkResolver.cpp, line 773]
Event: 0,100 Thread 0x00007f4df002b710 Exception <a 'java/lang/NoSuchMethodError'{0x000000062f041380}: 'java.lang.Object java.lang.invoke.DirectMethodHandle$Holder.newInvokeSpecial(java.lang.Object, java.lang.Object, long)'> (0x000000062f041380) 
thrown [src/hotspot/share/interpreter/linkResolver.cpp, line 773]
Event: 0,100 Thread 0x00007f4df002b710 Exception <a 'java/lang/NoSuchMethodError'{0x000000062f045238}: 'java.lang.Object java.lang.invoke.Invokers$Holder.linkToTargetMethod(java.lang.Object, long, java.lang.Object)'> (0x000000062f045238) 
thrown [src/hotspot/share/interpreter/linkResolver.cpp, line 773]
Event: 0,100 Thread 0x00007f4df002b710 Exception <a 'java/lang/NoSuchMethodError'{0x000000062f04c480}: 'int java.lang.invoke.DirectMethodHandle$Holder.invokeStaticInit(java.lang.Object, java.lang.Object, java.lang.Object, long)'> (0x000000062f04c480) 
thrown [src/hotspot/share/interpreter/linkResolver.cpp, line 773]
Event: 0,115 Thread 0x00007f4df002b710 Exception <a 'java/lang/NoSuchMethodError'{0x000000062f106c28}: 'int java.lang.invoke.Invokers$Holder.invokeExact_MT(java.lang.Object, java.lang.Object)'> (0x000000062f106c28) 
thrown [src/hotspot/share/interpreter/linkResolver.cpp, line 773]
Event: 0,223 Thread 0x00007f4df002b710 Exception <a 'java/lang/NoSuchMethodError'{0x000000062f172490}: 'void java.lang.System.load(java.lang.String, java.lang.Class)'> (0x000000062f172490) 
thrown [src/hotspot/share/interpreter/linkResolver.cpp, line 773]
Event: 0,224 Thread 0x00007f4df002b710 Exception <a 'java/lang/NoSuchMethodError'{0x000000062f174f00}: 'void java.lang.System.loadLibrary(java.lang.String, java.lang.Class)'> (0x000000062f174f00) 
thrown [src/hotspot/share/interpreter/linkResolver.cpp, line 773]
Event: 0,390 Thread 0x00007f4df002b710 Exception <a 'java/lang/NoSuchMethodError'{0x000000062f292220}: 'void java.lang.System.load(java.lang.String, java.lang.Class)'> (0x000000062f292220) 
thrown [src/hotspot/share/interpreter/linkResolver.cpp, line 773]
Event: 0,390 Thread 0x00007f4df002b710 Exception <a 'java/lang/NoSuchMethodError'{0x000000062f294c90}: 'void java.lang.System.loadLibrary(java.lang.String, java.lang.Class)'> (0x000000062f294c90) 
thrown [src/hotspot/share/interpreter/linkResolver.cpp, line 773]

ZGC Phase Switch (0 events):
No events

VM Operations (0 events):
No events

Memory protections (12 events):
Event: 0,001 Protecting memory [0x00007f4df6f00000,0x00007f4df6f04000] with protection modes 0
Event: 0,016 Protecting memory [0x00007f4dcd7fd000,0x00007f4dcd801000] with protection modes 0
Event: 0,016 Protecting memory [0x00007f4dcd300000,0x00007f4dcd304000] with protection modes 0
Event: 0,016 Protecting memory [0x00007f4dcd1ff000,0x00007f4dcd203000] with protection modes 0
Event: 0,016 Protecting memory [0x00007f4dcd0fe000,0x00007f4dcd102000] with protection modes 0
Event: 0,016 Protecting memory [0x00007f4dccffd000,0x00007f4dcd001000] with protection modes 0
Event: 0,017 Protecting memory [0x00007f4dccefc000,0x00007f4dccf00000] with protection modes 0
Event: 0,017 Protecting memory [0x00007f4dccdfb000,0x00007f4dccdff000] with protection modes 0
Event: 0,020 Protecting memory [0x00007f4dcccfa000,0x00007f4dcccfe000] with protection modes 0
Event: 0,021 Protecting memory [0x00007f4dcc900000,0x00007f4dcc904000] with protection modes 0
Event: 0,095 Protecting memory [0x00007f4dcc500000,0x00007f4dcc504000] with protection modes 0
Event: 0,230 Protecting memory [0x00007f4dcc500000,0x00007f4dcc504000] with protection modes 0

Nmethod flushes (0 events):
No events

Events (13 events):
Event: 0,010 Thread 0x00007f4df002b710 Thread added: 0x00007f4df002b710
Event: 0,016 Thread 0x00007f4df002b710 Thread added: 0x00007f4df013b500
Event: 0,016 Thread 0x00007f4df002b710 Thread added: 0x00007f4df013cb80
Event: 0,016 Thread 0x00007f4df002b710 Thread added: 0x00007f4df013e300
Event: 0,016 Thread 0x00007f4df002b710 Thread added: 0x00007f4df013f930
Event: 0,016 Thread 0x00007f4df002b710 Thread added: 0x00007f4df0140ec0
Event: 0,016 Thread 0x00007f4df002b710 Thread added: 0x00007f4df01429f0
Event: 0,017 Thread 0x00007f4df002b710 Thread added: 0x00007f4df01440a0
Event: 0,020 Thread 0x00007f4df002b710 Thread added: 0x00007f4df01506d0
Event: 0,021 Thread 0x00007f4df002b710 Thread added: 0x00007f4df0153800
Event: 0,095 Thread 0x00007f4df01440a0 Thread added: 0x00007f4d500822d0
Event: 0,222 Thread 0x00007f4d500822d0 Thread exited: 0x00007f4d500822d0
Event: 0,230 Thread 0x00007f4df01440a0 Thread added: 0x00007f4d501b5550


Dynamic libraries:
610800000-62f800000 rw-p 00000000 00:00 0 
62f800000-7ffc00000 ---p 00000000 00:00 0 
7ffc00000-7ffd0d000 rw-p 00cdf000 08:02 2118955                          /home/emn4tor/.jdks/corretto-21.0.8/lib/server/classes.jsa
7ffd0d000-800000000 rw-p 00000000 00:00 0 
55dd5dc00000-55dd5dc01000 r-xp 00000000 08:02 2119048                    /home/emn4tor/.jdks/corretto-21.0.8/bin/java
55dd5de01000-55dd5de02000 r--p 00001000 08:02 2119048                    /home/emn4tor/.jdks/corretto-21.0.8/bin/java
55dd5de02000-55dd5de03000 rw-p 00002000 08:02 2119048                    /home/emn4tor/.jdks/corretto-21.0.8/bin/java
55dd82d9f000-55dd82de6000 rw-p 00000000 00:00 0                          [heap]
7f4d20000000-7f4d20085000 rw-p 00000000 00:00 0 
7f4d20085000-7f4d24000000 ---p 00000000 00:00 0 
7f4d27c00000-7f4d27fbb000 r--s 00000000 08:02 1359644                    /home/emn4tor/.cache/fontconfig/923e285e415b1073c8df160bee08820f-le64.cache-9
7f4d28000000-7f4d28022000 rw-p 00000000 00:00 0 
7f4d28022000-7f4d2c000000 ---p 00000000 00:00 0 
7f4d2c7f8000-7f4d30800000 rw-p 00000000 00:00 0 
7f4d30800000-7f4d32794000 r--p 00000000 08:02 3426646                    /usr/lib/libicudata.so.78.1
7f4d32794000-7f4d32795000 r--p 01f93000 08:02 3426646                    /usr/lib/libicudata.so.78.1
7f4d32800000-7f4d32d3e000 r--p 00000000 08:02 3452514                    /usr/lib/libLLVM.so.21.1
7f4d32d3e000-7f4d38557000 r-xp 0053e000 08:02 3452514                    /usr/lib/libLLVM.so.21.1
7f4d38557000-7f4d3bb81000 r--p 05d57000 08:02 3452514                    /usr/lib/libLLVM.so.21.1
7f4d3bb81000-7f4d3bd8a000 r--p 09380000 08:02 3452514                    /usr/lib/libLLVM.so.21.1
7f4d3bd8a000-7f4d3bdcf000 rw-p 09589000 08:02 3452514                    /usr/lib/libLLVM.so.21.1
7f4d3bdcf000-7f4d3be97000 rw-p 00000000 00:00 0 
7f4d3c000000-7f4d3c086000 rw-p 00000000 00:00 0 
7f4d3c086000-7f4d40000000 ---p 00000000 00:00 0 
7f4d401fe000-7f4d41200000 rw-p 00000000 00:00 0 
7f4d41200000-7f4d41219000 r--p 00000000 08:02 3453757                    /usr/lib/libgallium-25.3.2-arch1.1.so
7f4d41219000-7f4d42cb2000 r-xp 00019000 08:02 3453757                    /usr/lib/libgallium-25.3.2-arch1.1.so
7f4d42cb2000-7f4d43ca9000 r--p 01ab2000 08:02 3453757                    /usr/lib/libgallium-25.3.2-arch1.1.so
7f4d43ca9000-7f4d43dc9000 r--p 02aa9000 08:02 3453757                    /usr/lib/libgallium-25.3.2-arch1.1.so
7f4d43dc9000-7f4d43dea000 rw-p 02bc9000 08:02 3453757                    /usr/lib/libgallium-25.3.2-arch1.1.so
7f4d43dea000-7f4d43fb5000 rw-p 00000000 00:00 0 
7f4d44000000-7f4d44021000 rw-p 00000000 00:00 0 
7f4d44021000-7f4d48000000 ---p 00000000 00:00 0 
7f4d48000000-7f4d48021000 rw-p 00000000 00:00 0 
7f4d48021000-7f4d4c000000 ---p 00000000 00:00 0 
7f4d4c000000-7f4d4c20f000 rw-p 00000000 00:00 0 
7f4d4c20f000-7f4d50000000 ---p 00000000 00:00 0 
7f4d50000000-7f4d501bb000 rw-p 00000000 00:00 0 
7f4d501bb000-7f4d54000000 ---p 00000000 00:00 0 
7f4d54000000-7f4d54021000 rw-p 00000000 00:00 0 
7f4d54021000-7f4d58000000 ---p 00000000 00:00 0 
7f4d58000000-7f4d58021000 rw-p 00000000 00:00 0 
7f4d58021000-7f4d5c000000 ---p 00000000 00:00 0 
7f4d5c000000-7f4d5c021000 rw-p 00000000 00:00 0 
7f4d5c021000-7f4d60000000 ---p 00000000 00:00 0 
7f4d60000000-7f4d60021000 rw-p 00000000 00:00 0 
7f4d60021000-7f4d64000000 ---p 00000000 00:00 0 
7f4d64000000-7f4d64021000 rw-p 00000000 00:00 0 
7f4d64021000-7f4d68000000 ---p 00000000 00:00 0 
7f4d68000000-7f4d68021000 rw-p 00000000 00:00 0 
7f4d68021000-7f4d6c000000 ---p 00000000 00:00 0 
7f4d6c000000-7f4d6c170000 rw-p 00000000 00:00 0 
7f4d6c170000-7f4d6c400000 ---p 00000000 00:00 0 
7f4d6c400000-7f4d6c520000 rw-p 00000000 00:00 0 
7f4d6c520000-7f4d6c560000 rw-p 00000000 00:00 0 
7f4d6c560000-7f4d6c580000 rw-p 00000000 00:00 0 
7f4d6c580000-7f4d70000000 ---p 00000000 00:00 0 
7f4d70000000-7f4d70021000 rw-p 00000000 00:00 0 
7f4d70021000-7f4d74000000 ---p 00000000 00:00 0 
7f4d743ff000-7f4d74c00000 rw-p 00000000 00:00 0 
7f4d74c00000-7f4d74c97000 r--p 00000000 08:02 3412127                    /usr/lib/libstdc++.so.6.0.34
7f4d74c97000-7f4d74dec000 r-xp 00097000 08:02 3412127                    /usr/lib/libstdc++.so.6.0.34
7f4d74dec000-7f4d74e7e000 r--p 001ec000 08:02 3412127                    /usr/lib/libstdc++.so.6.0.34
7f4d74e7e000-7f4d74e8f000 r--p 0027e000 08:02 3412127                    /usr/lib/libstdc++.so.6.0.34
7f4d74e8f000-7f4d74e90000 rw-p 0028f000 08:02 3412127                    /usr/lib/libstdc++.so.6.0.34
7f4d74e90000-7f4d74e94000 rw-p 00000000 00:00 0 
7f4d74f03000-7f4d74f0b000 r--p 00000000 00:2a 7534                       /tmp/lwjgl_emn4tor/3.3.4+7/x64/liblwjgl_stb.so
7f4d74f0b000-7f4d74f82000 r-xp 00008000 00:2a 7534                       /tmp/lwjgl_emn4tor/3.3.4+7/x64/liblwjgl_stb.so
7f4d74f82000-7f4d74f90000 r--p 0007f000 00:2a 7534                       /tmp/lwjgl_emn4tor/3.3.4+7/x64/liblwjgl_stb.so
7f4d74f90000-7f4d74f91000 r--p 0008c000 00:2a 7534                       /tmp/lwjgl_emn4tor/3.3.4+7/x64/liblwjgl_stb.so
7f4d74f91000-7f4d74f92000 rw-p 0008d000 00:2a 7534                       /tmp/lwjgl_emn4tor/3.3.4+7/x64/liblwjgl_stb.so
7f4d74f92000-7f4d74f94000 r--p 00000000 08:02 3452623                    /usr/lib/libGLX.so.0.0.0
7f4d74f94000-7f4d74fae000 r-xp 00002000 08:02 3452623                    /usr/lib/libGLX.so.0.0.0
7f4d74fae000-7f4d74fb1000 r--p 0001c000 08:02 3452623                    /usr/lib/libGLX.so.0.0.0
7f4d74fb1000-7f4d74fb2000 r--p 0001f000 08:02 3452623                    /usr/lib/libGLX.so.0.0.0
7f4d74fb2000-7f4d74fb3000 rw-p 00020000 08:02 3452623                    /usr/lib/libGLX.so.0.0.0
7f4d74fb3000-7f4d74fc3000 rw-p 00000000 00:00 0 
7f4d74fc3000-7f4d7505e000 r--p 00000000 08:02 3700790                    /usr/share/fonts/noto/NotoSans-Bold.ttf
7f4d7505e000-7f4d750f9000 r--p 00000000 08:02 3700790                    /usr/share/fonts/noto/NotoSans-Bold.ttf
7f4d750f9000-7f4d752f9000 rw-s 166537000 00:06 1205                      /dev/dri/renderD128
7f4d752f9000-7f4d752fe000 r--p 00000000 08:02 3415423                    /usr/lib/libblkid.so.1.1.0
7f4d752fe000-7f4d75323000 r-xp 00005000 08:02 3415423                    /usr/lib/libblkid.so.1.1.0
7f4d75323000-7f4d7532c000 r--p 0002a000 08:02 3415423                    /usr/lib/libblkid.so.1.1.0
7f4d7532c000-7f4d75332000 r--p 00032000 08:02 3415423                    /usr/lib/libblkid.so.1.1.0
7f4d75332000-7f4d75333000 rw-p 00038000 08:02 3415423                    /usr/lib/libblkid.so.1.1.0
7f4d75333000-7f4d75334000 r--p 00000000 08:02 3429184                    /usr/lib/libbrotlicommon.so.1.1.0
7f4d75334000-7f4d75335000 r-xp 00001000 08:02 3429184                    /usr/lib/libbrotlicommon.so.1.1.0
7f4d75335000-7f4d75354000 r--p 00002000 08:02 3429184                    /usr/lib/libbrotlicommon.so.1.1.0
7f4d75354000-7f4d75355000 r--p 00021000 08:02 3429184                    /usr/lib/libbrotlicommon.so.1.1.0
7f4d75355000-7f4d75356000 rw-p 00022000 08:02 3429184                    /usr/lib/libbrotlicommon.so.1.1.0
7f4d7535f000-7f4d75400000 rw-p 00000000 00:00 0 
7f4d75400000-7f4d75600000 rw-s 14ae9b000 00:06 1205                      /dev/dri/renderD128
7f4d75600000-7f4d75800000 rw-s 152255000 00:06 1205                      /dev/dri/renderD128
7f4d75800000-7f4d75848000 r--p 00000000 08:02 3426664                    /usr/lib/libicuuc.so.78.1
7f4d75848000-7f4d75965000 r-xp 00048000 08:02 3426664                    /usr/lib/libicuuc.so.78.1
7f4d75965000-7f4d759f8000 r--p 00165000 08:02 3426664                    /usr/lib/libicuuc.so.78.1
7f4d759f8000-7f4d75a0b000 r--p 001f8000 08:02 3426664                    /usr/lib/libicuuc.so.78.1
7f4d75a0b000-7f4d75a0c000 rw-p 0020b000 08:02 3426664                    /usr/lib/libicuuc.so.78.1
7f4d75a0c000-7f4d75a0e000 rw-p 00000000 00:00 0 
7f4d75a2e000-7f4d75a30000 r--p 00000000 08:02 3452650                    /usr/lib/libdatrie.so.1.4.1
7f4d75a30000-7f4d75a34000 r-xp 00002000 08:02 3452650                    /usr/lib/libdatrie.so.1.4.1
7f4d75a34000-7f4d75a35000 r--p 00006000 08:02 3452650                    /usr/lib/libdatrie.so.1.4.1
7f4d75a35000-7f4d75a36000 r--p 00006000 08:02 3452650                    /usr/lib/libdatrie.so.1.4.1
7f4d75a36000-7f4d75a37000 rw-p 00007000 08:02 3452650                    /usr/lib/libdatrie.so.1.4.1
7f4d75a4b000-7f4d75a72000 r--s 00000000 08:02 1355522                    /home/emn4tor/.cache/fontconfig/f2e43df3287529323e79e7929dc44cc9-le64.cache-9
7f4d75a9a000-7f4d75a9c000 r--p 00000000 08:02 3446588                    /usr/lib/libgraphite2.so.3.2.1
7f4d75a9c000-7f4d75ab5000 r-xp 00002000 08:02 3446588                    /usr/lib/libgraphite2.so.3.2.1
7f4d75ab5000-7f4d75aba000 r--p 0001b000 08:02 3446588                    /usr/lib/libgraphite2.so.3.2.1
7f4d75aba000-7f4d75abc000 r--p 0001f000 08:02 3446588                    /usr/lib/libgraphite2.so.3.2.1
7f4d75abc000-7f4d75abd000 rw-p 00021000 08:02 3446588                    /usr/lib/libgraphite2.so.3.2.1
7f4d75abd000-7f4d75abf000 r--p 00000000 08:02 3452655                    /usr/lib/libthai.so.0.3.1
7f4d75abf000-7f4d75ac3000 r-xp 00002000 08:02 3452655                    /usr/lib/libthai.so.0.3.1
7f4d75ac3000-7f4d75ac6000 r--p 00006000 08:02 3452655                    /usr/lib/libthai.so.0.3.1
7f4d75ac6000-7f4d75ac7000 r--p 00008000 08:02 3452655                    /usr/lib/libthai.so.0.3.1
7f4d75ac7000-7f4d75ac8000 rw-p 00009000 08:02 3452655                    /usr/lib/libthai.so.0.3.1
7f4d75ac8000-7f4d75ad2000 r--p 00000000 08:02 3415439                    /usr/lib/libmount.so.1.1.0
7f4d75ad2000-7f4d75b0c000 r-xp 0000a000 08:02 3415439                    /usr/lib/libmount.so.1.1.0
7f4d75b0c000-7f4d75b1b000 r--p 00044000 08:02 3415439                    /usr/lib/libmount.so.1.1.0
7f4d75b1b000-7f4d75b1d000 r--p 00053000 08:02 3415439                    /usr/lib/libmount.so.1.1.0
7f4d75b1d000-7f4d75b1e000 rw-p 00055000 08:02 3415439                    /usr/lib/libmount.so.1.1.0
7f4d75b1e000-7f4d75b22000 r--p 00000000 08:02 3412095                    /usr/lib/libgcc_s.so.1
7f4d75b22000-7f4d75b45000 r-xp 00004000 08:02 3412095                    /usr/lib/libgcc_s.so.1
7f4d75b45000-7f4d75b49000 r--p 00027000 08:02 3412095                    /usr/lib/libgcc_s.so.1
7f4d75b49000-7f4d75b4a000 r--p 0002a000 08:02 3412095                    /usr/lib/libgcc_s.so.1
7f4d75b4a000-7f4d75b4b000 rw-p 0002b000 08:02 3412095                    /usr/lib/libgcc_s.so.1
7f4d75b4b000-7f4d75b4d000 r--p 00000000 08:02 3446913                    /usr/lib/libXdmcp.so.6.0.0
7f4d75b4d000-7f4d75b4f000 r-xp 00002000 08:02 3446913                    /usr/lib/libXdmcp.so.6.0.0
7f4d75b4f000-7f4d75b51000 r--p 00004000 08:02 3446913                    /usr/lib/libXdmcp.so.6.0.0
7f4d75b51000-7f4d75b52000 r--p 00005000 08:02 3446913                    /usr/lib/libXdmcp.so.6.0.0
7f4d75b52000-7f4d75b53000 rw-p 00006000 08:02 3446913                    /usr/lib/libXdmcp.so.6.0.0
7f4d75b53000-7f4d75b54000 r--p 00000000 08:02 3429187                    /usr/lib/libbrotlidec.so.1.1.0
7f4d75b54000-7f4d75b5d000 r-xp 00001000 08:02 3429187                    /usr/lib/libbrotlidec.so.1.1.0
7f4d75b5d000-7f4d75b60000 r--p 0000a000 08:02 3429187                    /usr/lib/libbrotlidec.so.1.1.0
7f4d75b60000-7f4d75b61000 r--p 0000c000 08:02 3429187                    /usr/lib/libbrotlidec.so.1.1.0
7f4d75b61000-7f4d75b62000 rw-p 0000d000 08:02 3429187                    /usr/lib/libbrotlidec.so.1.1.0
7f4d75b62000-7f4d75b64000 r--p 00000000 08:02 3432937                    /usr/lib/libexpat.so.1.11.1
7f4d75b64000-7f4d75b82000 r-xp 00002000 08:02 3432937                    /usr/lib/libexpat.so.1.11.1
7f4d75b82000-7f4d75b8a000 r--p 00020000 08:02 3432937                    /usr/lib/libexpat.so.1.11.1
7f4d75b8a000-7f4d75b8c000 r--p 00028000 08:02 3432937                    /usr/lib/libexpat.so.1.11.1
7f4d75b8c000-7f4d75b8d000 rw-p 0002a000 08:02 3432937                    /usr/lib/libexpat.so.1.11.1
7f4d75b8d000-7f4d75b90000 r--p 00000000 08:02 3425774                    /usr/lib/libpcre2-8.so.0.15.0
7f4d75b90000-7f4d75c0e000 r-xp 00003000 08:02 3425774                    /usr/lib/libpcre2-8.so.0.15.0
7f4d75c0e000-7f4d75c39000 r--p 00081000 08:02 3425774                    /usr/lib/libpcre2-8.so.0.15.0
7f4d75c39000-7f4d75c3a000 r--p 000ab000 08:02 3425774                    /usr/lib/libpcre2-8.so.0.15.0
7f4d75c3a000-7f4d75c3b000 rw-p 000ac000 08:02 3425774                    /usr/lib/libpcre2-8.so.0.15.0
7f4d75c46000-7f4d75c61000 r--s 00000000 08:02 1358872                    /home/emn4tor/.cache/fontconfig/f6b893a7224233d96cb72fd88691c0b4-le64.cache-9
7f4d75c7d000-7f4d75d4c000 rw-p 00000000 00:00 0 
7f4d75d4c000-7f4d75e8d000 rw-s 00000000 08:02 1311055                    /home/emn4tor/.cache/mesa_shader_cache/index
7f4d75e8d000-7f4d75e9a000 r--p 00000000 08:02 3446595                    /usr/lib/libharfbuzz.so.0.61220.0
7f4d75e9a000-7f4d75f8a000 r-xp 0000d000 08:02 3446595                    /usr/lib/libharfbuzz.so.0.61220.0
7f4d75f8a000-7f4d75fc2000 r--p 000fd000 08:02 3446595                    /usr/lib/libharfbuzz.so.0.61220.0
7f4d75fc2000-7f4d75fc4000 r--p 00134000 08:02 3446595                    /usr/lib/libharfbuzz.so.0.61220.0
7f4d75fc4000-7f4d75fc5000 rw-p 00136000 08:02 3446595                    /usr/lib/libharfbuzz.so.0.61220.0
7f4d75fc5000-7f4d75ff7000 r--p 00000000 08:02 3431934                    /usr/lib/libgio-2.0.so.0.8600.3
7f4d75ff7000-7f4d76116000 r-xp 00032000 08:02 3431934                    /usr/lib/libgio-2.0.so.0.8600.3
7f4d76116000-7f4d7618b000 r--p 00151000 08:02 3431934                    /usr/lib/libgio-2.0.so.0.8600.3
7f4d7618b000-7f4d76194000 r--p 001c5000 08:02 3431934                    /usr/lib/libgio-2.0.so.0.8600.3
7f4d76194000-7f4d76195000 rw-p 001ce000 08:02 3431934                    /usr/lib/libgio-2.0.so.0.8600.3
7f4d76195000-7f4d76197000 rw-p 00000000 00:00 0 
7f4d76197000-7f4d761ac000 r--p 00000000 08:02 3423803                    /usr/lib/libsystemd.so.0.42.0
7f4d761ac000-7f4d76270000 r-xp 00015000 08:02 3423803                    /usr/lib/libsystemd.so.0.42.0
7f4d76270000-7f4d762b3000 r--p 000d9000 08:02 3423803                    /usr/lib/libsystemd.so.0.42.0
7f4d762b3000-7f4d762bc000 r--p 0011c000 08:02 3423803                    /usr/lib/libsystemd.so.0.42.0
7f4d762bc000-7f4d762bd000 rw-p 00125000 08:02 3423803                    /usr/lib/libsystemd.so.0.42.0
7f4d762bd000-7f4d762be000 rw-p 00000000 00:00 0 
7f4d762be000-7f4d762d5000 r--p 00000000 08:02 3449346                    /usr/lib/libX11.so.6.4.0
7f4d762d5000-7f4d7636a000 r-xp 00017000 08:02 3449346                    /usr/lib/libX11.so.6.4.0
7f4d7636a000-7f4d763f9000 r--p 000ac000 08:02 3449346                    /usr/lib/libX11.so.6.4.0
7f4d763f9000-7f4d763fc000 r--p 0013a000 08:02 3449346                    /usr/lib/libX11.so.6.4.0
7f4d763fc000-7f4d76400000 rw-p 0013d000 08:02 3449346                    /usr/lib/libX11.so.6.4.0
7f4d76440000-7f4d76473000 r--p 00000000 00:2a 6986                       /tmp/lwjgl_emn4tor/3.3.4+7/x64/liblwjgl_opengl.so
7f4d76473000-7f4d76487000 r-xp 00033000 00:2a 6986                       /tmp/lwjgl_emn4tor/3.3.4+7/x64/liblwjgl_opengl.so
7f4d76487000-7f4d76497000 r--p 00047000 00:2a 6986                       /tmp/lwjgl_emn4tor/3.3.4+7/x64/liblwjgl_opengl.so
7f4d76497000-7f4d76498000 r--p 00056000 00:2a 6986                       /tmp/lwjgl_emn4tor/3.3.4+7/x64/liblwjgl_opengl.so
7f4d76498000-7f4d76499000 rw-p 00057000 00:2a 6986                       /tmp/lwjgl_emn4tor/3.3.4+7/x64/liblwjgl_opengl.so
7f4d76499000-7f4d764a6000 r--p 00000000 08:02 3412186                    /usr/lib/libncursesw.so.6.5
7f4d764a6000-7f4d764ed000 r-xp 0000d000 08:02 3412186                    /usr/lib/libncursesw.so.6.5
7f4d764ed000-7f4d76503000 r--p 00054000 08:02 3412186                    /usr/lib/libncursesw.so.6.5
7f4d76503000-7f4d76507000 r--p 0006a000 08:02 3412186                    /usr/lib/libncursesw.so.6.5
7f4d76507000-7f4d76508000 rw-p 0006e000 08:02 3412186                    /usr/lib/libncursesw.so.6.5
7f4d76508000-7f4d76522000 r--p 00000000 08:02 3426742                    /usr/lib/libxml2.so.16.1.1
7f4d76522000-7f4d765f5000 r-xp 0001a000 08:02 3426742                    /usr/lib/libxml2.so.16.1.1
7f4d765f5000-7f4d76632000 r--p 000ed000 08:02 3426742                    /usr/lib/libxml2.so.16.1.1
7f4d76632000-7f4d7663b000 r--p 0012a000 08:02 3426742                    /usr/lib/libxml2.so.16.1.1
7f4d7663b000-7f4d7663c000 rw-p 00133000 08:02 3426742                    /usr/lib/libxml2.so.16.1.1
7f4d7663c000-7f4d7663d000 rw-p 00000000 00:00 0 
7f4d7663d000-7f4d76643000 r--p 00000000 08:02 3446377                    /usr/lib/libedit.so.0.0.75
7f4d76643000-7f4d76664000 r-xp 00006000 08:02 3446377                    /usr/lib/libedit.so.0.0.75
7f4d76664000-7f4d76671000 r--p 00027000 08:02 3446377                    /usr/lib/libedit.so.0.0.75
7f4d76671000-7f4d76673000 r--p 00034000 08:02 3446377                    /usr/lib/libedit.so.0.0.75
7f4d76673000-7f4d76674000 rw-p 00036000 08:02 3446377                    /usr/lib/libedit.so.0.0.75
7f4d76674000-7f4d76677000 rw-p 00000000 00:00 0 
7f4d76677000-7f4d7667a000 r--p 00000000 08:02 3452471                    /usr/lib/libdrm_intel.so.1.131.0
7f4d7667a000-7f4d76691000 r-xp 00003000 08:02 3452471                    /usr/lib/libdrm_intel.so.1.131.0
7f4d76691000-7f4d7669a000 r--p 0001a000 08:02 3452471                    /usr/lib/libdrm_intel.so.1.131.0
7f4d7669a000-7f4d7669b000 r--p 00023000 08:02 3452471                    /usr/lib/libdrm_intel.so.1.131.0
7f4d7669b000-7f4d7669c000 rw-p 00024000 08:02 3452471                    /usr/lib/libdrm_intel.so.1.131.0
7f4d7669c000-7f4d7669f000 r--p 00000000 08:02 3433822                    /usr/lib/libelf-0.194.so
7f4d7669f000-7f4d766b2000 r-xp 00003000 08:02 3433822                    /usr/lib/libelf-0.194.so
7f4d766b2000-7f4d766b6000 r--p 00016000 08:02 3433822                    /usr/lib/libelf-0.194.so
7f4d766b6000-7f4d766b7000 r--p 0001a000 08:02 3433822                    /usr/lib/libelf-0.194.so
7f4d766b7000-7f4d766b8000 rw-p 0001b000 08:02 3433822                    /usr/lib/libelf-0.194.so
7f4d766b8000-7f4d766cd000 r--p 00000000 08:02 3453749                    /usr/lib/libSPIRV-Tools.so
7f4d766cd000-7f4d767e8000 r-xp 00015000 08:02 3453749                    /usr/lib/libSPIRV-Tools.so
7f4d767e8000-7f4d76861000 r--p 00130000 08:02 3453749                    /usr/lib/libSPIRV-Tools.so
7f4d76861000-7f4d76864000 r--p 001a8000 08:02 3453749                    /usr/lib/libSPIRV-Tools.so
7f4d76864000-7f4d76865000 rw-p 001ab000 08:02 3453749                    /usr/lib/libSPIRV-Tools.so
7f4d76865000-7f4d76871000 r--p 00000000 08:02 3423736                    /usr/lib/libzstd.so.1.5.7
7f4d76871000-7f4d76937000 r-xp 0000c000 08:02 3423736                    /usr/lib/libzstd.so.1.5.7
7f4d76937000-7f4d76948000 r--p 000d2000 08:02 3423736                    /usr/lib/libzstd.so.1.5.7
7f4d76948000-7f4d76949000 r--p 000e3000 08:02 3423736                    /usr/lib/libzstd.so.1.5.7
7f4d76949000-7f4d7694a000 rw-p 000e4000 08:02 3423736                    /usr/lib/libzstd.so.1.5.7
7f4d7694a000-7f4d76950000 r--p 00000000 08:02 3453752                    /usr/lib/libEGL_mesa.so.0.0.0
7f4d76950000-7f4d7697b000 r-xp 00006000 08:02 3453752                    /usr/lib/libEGL_mesa.so.0.0.0
7f4d7697b000-7f4d7698f000 r--p 00031000 08:02 3453752                    /usr/lib/libEGL_mesa.so.0.0.0
7f4d7698f000-7f4d7699b000 r--p 00045000 08:02 3453752                    /usr/lib/libEGL_mesa.so.0.0.0
7f4d7699b000-7f4d7699c000 rw-p 00051000 08:02 3453752                    /usr/lib/libEGL_mesa.so.0.0.0
7f4d7699c000-7f4d7699e000 r--p 00000000 08:02 3452626                    /usr/lib/libGLdispatch.so.0.0.0
7f4d7699e000-7f4d769dd000 r-xp 00002000 08:02 3452626                    /usr/lib/libGLdispatch.so.0.0.0
7f4d769dd000-7f4d769f0000 r--p 00041000 08:02 3452626                    /usr/lib/libGLdispatch.so.0.0.0
7f4d769f0000-7f4d76a0c000 r--p 00054000 08:02 3452626                    /usr/lib/libGLdispatch.so.0.0.0
7f4d76a0c000-7f4d76a0d000 rw-p 00070000 08:02 3452626                    /usr/lib/libGLdispatch.so.0.0.0
7f4d76a0d000-7f4d76a15000 rw-p 00000000 00:00 0 
7f4d76a15000-7f4d76b05000 rw-s 00000000 00:01 30762                      /memfd:wayland-cursor (deleted)
7f4d76b05000-7f4d76b07000 r--p 00000000 08:02 3425522                    /usr/lib/libbz2.so.1.0.8
7f4d76b07000-7f4d76b14000 r-xp 00002000 08:02 3425522                    /usr/lib/libbz2.so.1.0.8
7f4d76b14000-7f4d76b16000 r--p 0000f000 08:02 3425522                    /usr/lib/libbz2.so.1.0.8
7f4d76b16000-7f4d76b17000 r--p 00010000 08:02 3425522                    /usr/lib/libbz2.so.1.0.8
7f4d76b17000-7f4d76b18000 rw-p 00011000 08:02 3425522                    /usr/lib/libbz2.so.1.0.8
7f4d76b18000-7f4d76b1a000 r--p 00000000 08:02 3452440                    /usr/lib/libpciaccess.so.0.11.1
7f4d76b1a000-7f4d76b1f000 r-xp 00002000 08:02 3452440                    /usr/lib/libpciaccess.so.0.11.1
7f4d76b1f000-7f4d76b21000 r--p 00007000 08:02 3452440                    /usr/lib/libpciaccess.so.0.11.1
7f4d76b21000-7f4d76b22000 r--p 00008000 08:02 3452440                    /usr/lib/libpciaccess.so.0.11.1
7f4d76b22000-7f4d76b23000 rw-p 00009000 08:02 3452440                    /usr/lib/libpciaccess.so.0.11.1
7f4d76b23000-7f4d76b26000 r--p 00000000 08:02 3452467                    /usr/lib/libdrm_amdgpu.so.1.131.0
7f4d76b26000-7f4d76b2c000 r-xp 00003000 08:02 3452467                    /usr/lib/libdrm_amdgpu.so.1.131.0
7f4d76b2c000-7f4d76b2e000 r--p 00009000 08:02 3452467                    /usr/lib/libdrm_amdgpu.so.1.131.0
7f4d76b2e000-7f4d76b2f000 r--p 0000a000 08:02 3452467                    /usr/lib/libdrm_amdgpu.so.1.131.0
7f4d76b2f000-7f4d76b30000 rw-p 0000b000 08:02 3452467                    /usr/lib/libdrm_amdgpu.so.1.131.0
7f4d76b30000-7f4d76b36000 r--p 00000000 08:02 3446608                    /usr/lib/libfreetype.so.6.20.4
7f4d76b36000-7f4d76bce000 r-xp 00006000 08:02 3446608                    /usr/lib/libfreetype.so.6.20.4
7f4d76bce000-7f4d76bf7000 r--p 0009e000 08:02 3446608                    /usr/lib/libfreetype.so.6.20.4
7f4d76bf7000-7f4d76bff000 r--p 000c6000 08:02 3446608                    /usr/lib/libfreetype.so.6.20.4
7f4d76bff000-7f4d76c00000 rw-p 000ce000 08:02 3446608                    /usr/lib/libfreetype.so.6.20.4
7f4d76c00000-7f4d76c07000 r-xp 00000000 08:02 2118936                    /home/emn4tor/.jdks/corretto-21.0.8/lib/libzip.so
7f4d76c07000-7f4d76e06000 ---p 00007000 08:02 2118936                    /home/emn4tor/.jdks/corretto-21.0.8/lib/libzip.so
7f4d76e06000-7f4d76e07000 r--p 00006000 08:02 2118936                    /home/emn4tor/.jdks/corretto-21.0.8/lib/libzip.so
7f4d76e07000-7f4d76e08000 rw-p 00000000 00:00 0 
7f4d76e09000-7f4d76e11000 r--s 00000000 08:02 1359648                    /home/emn4tor/.cache/fontconfig/39a076584e5f1226728187f87418fb39-le64.cache-9
7f4d76e19000-7f4d76e1f000 r--s 00000000 08:02 1359639                    /home/emn4tor/.cache/fontconfig/b67b32625a2bb51b023d3814a918f351-le64.cache-9
7f4d76e1f000-7f4d76e2a000 r--s 00000000 08:02 1358506                    /home/emn4tor/.cache/fontconfig/4b31aef11cb0687b6d280d34cbe23592-le64.cache-9
7f4d76e2a000-7f4d76e35000 r--s 00000000 08:02 1359646                    /home/emn4tor/.cache/fontconfig/6cbc3842be4e1cc07a4cb86bf80f9309-le64.cache-9
7f4d76e3d000-7f4d76e4b000 r--p 00000000 08:02 3452667                    /usr/lib/libpango-1.0.so.0.5700.0
7f4d76e4b000-7f4d76e89000 r-xp 0000e000 08:02 3452667                    /usr/lib/libpango-1.0.so.0.5700.0
7f4d76e89000-7f4d76ea3000 r--p 0004c000 08:02 3452667                    /usr/lib/libpango-1.0.so.0.5700.0
7f4d76ea3000-7f4d76ea7000 r--p 00065000 08:02 3452667                    /usr/lib/libpango-1.0.so.0.5700.0
7f4d76ea7000-7f4d76ea8000 rw-p 00069000 08:02 3452667                    /usr/lib/libpango-1.0.so.0.5700.0
7f4d76ea8000-7f4d76ec6000 r--p 00000000 08:02 3431951                    /usr/lib/libglib-2.0.so.0.8600.3
7f4d76ec6000-7f4d76f6d000 r-xp 0001e000 08:02 3431951                    /usr/lib/libglib-2.0.so.0.8600.3
7f4d76f6d000-7f4d76ffd000 r--p 000c5000 08:02 3431951                    /usr/lib/libglib-2.0.so.0.8600.3
7f4d76ffd000-7f4d76ffe000 r--p 00155000 08:02 3431951                    /usr/lib/libglib-2.0.so.0.8600.3
7f4d76ffe000-7f4d76fff000 rw-p 00156000 08:02 3431951                    /usr/lib/libglib-2.0.so.0.8600.3
7f4d76fff000-7f4d77000000 rw-p 00000000 00:00 0 
7f4d77000000-7f4d77ca0000 rw-p 00001000 08:02 2118955                    /home/emn4tor/.jdks/corretto-21.0.8/lib/server/classes.jsa
7f4d77ca0000-7f4d78000000 ---p 00000000 00:00 0 
7f4d78000000-7f4d78020000 rw-p 00000000 00:00 0 
7f4d78020000-7f4d78040000 ---p 00000000 00:00 0 
7f4d78040000-7f4d78060000 rw-p 00000000 00:00 0 
7f4d78060000-7f4db8000000 ---p 00000000 00:00 0 
7f4db8000000-7f4db8021000 rw-p 00000000 00:00 0 
7f4db8021000-7f4dbc000000 ---p 00000000 00:00 0 
7f4dbc000000-7f4dbc021000 rw-p 00000000 00:00 0 
7f4dbc021000-7f4dc0000000 ---p 00000000 00:00 0 
7f4dc0000000-7f4dc0021000 rw-p 00000000 00:00 0 
7f4dc0021000-7f4dc4000000 ---p 00000000 00:00 0 
7f4dc4000000-7f4dc4021000 rw-p 00000000 00:00 0 
7f4dc4021000-7f4dc8000000 ---p 00000000 00:00 0 
7f4dc8000000-7f4dc8021000 rw-p 00000000 00:00 0 
7f4dc8021000-7f4dcc000000 ---p 00000000 00:00 0 
7f4dcc004000-7f4dcc006000 r--p 00000000 08:02 3452528                    /usr/lib/libsensors.so.5.0.0
7f4dcc006000-7f4dcc00e000 r-xp 00002000 08:02 3452528                    /usr/lib/libsensors.so.5.0.0
7f4dcc00e000-7f4dcc012000 r--p 0000a000 08:02 3452528                    /usr/lib/libsensors.so.5.0.0
7f4dcc012000-7f4dcc013000 r--p 0000e000 08:02 3452528                    /usr/lib/libsensors.so.5.0.0
7f4dcc013000-7f4dcc014000 rw-p 0000f000 08:02 3452528                    /usr/lib/libsensors.so.5.0.0
7f4dcc014000-7f4dcc019000 r--p 00000000 08:02 3451023                    /usr/lib/libpixman-1.so.0.46.4
7f4dcc019000-7f4dcc0aa000 r-xp 00005000 08:02 3451023                    /usr/lib/libpixman-1.so.0.46.4
7f4dcc0aa000-7f4dcc0ba000 r--p 00096000 08:02 3451023                    /usr/lib/libpixman-1.so.0.46.4
7f4dcc0ba000-7f4dcc0c2000 r--p 000a6000 08:02 3451023                    /usr/lib/libpixman-1.so.0.46.4
7f4dcc0c2000-7f4dcc0c3000 rw-p 000ae000 08:02 3451023                    /usr/lib/libpixman-1.so.0.46.4
7f4dcc0c3000-7f4dcc0d1000 r--p 00000000 08:02 3451034                    /usr/lib/libcairo.so.2.11804.4
7f4dcc0d1000-7f4dcc1c4000 r-xp 0000e000 08:02 3451034                    /usr/lib/libcairo.so.2.11804.4
7f4dcc1c4000-7f4dcc1f9000 r--p 00101000 08:02 3451034                    /usr/lib/libcairo.so.2.11804.4
7f4dcc1f9000-7f4dcc1fd000 r--p 00136000 08:02 3451034                    /usr/lib/libcairo.so.2.11804.4
7f4dcc1fd000-7f4dcc1ff000 rw-p 0013a000 08:02 3451034                    /usr/lib/libcairo.so.2.11804.4
7f4dcc1ff000-7f4dcc200000 rw-p 00000000 00:00 0 
7f4dcc200000-7f4dcc20b000 r-xp 00000000 08:02 2118938                    /home/emn4tor/.jdks/corretto-21.0.8/lib/libnet.so
7f4dcc20b000-7f4dcc40a000 ---p 0000b000 08:02 2118938                    /home/emn4tor/.jdks/corretto-21.0.8/lib/libnet.so
7f4dcc40a000-7f4dcc40b000 r--p 0000a000 08:02 2118938                    /home/emn4tor/.jdks/corretto-21.0.8/lib/libnet.so
7f4dcc40b000-7f4dcc40c000 rw-p 00000000 00:00 0 
7f4dcc40e000-7f4dcc40f000 r--p 00000000 08:02 3446917                    /usr/lib/libXau.so.6.0.0
7f4dcc40f000-7f4dcc410000 r-xp 00001000 08:02 3446917                    /usr/lib/libXau.so.6.0.0
7f4dcc410000-7f4dcc411000 r--p 00002000 08:02 3446917                    /usr/lib/libXau.so.6.0.0
7f4dcc411000-7f4dcc412000 r--p 00002000 08:02 3446917                    /usr/lib/libXau.so.6.0.0
7f4dcc412000-7f4dcc413000 rw-p 00003000 08:02 3446917                    /usr/lib/libXau.so.6.0.0
7f4dcc418000-7f4dcc41d000 r--p 00000000 08:02 3452460                    /usr/lib/libdrm.so.2.131.0
7f4dcc41d000-7f4dcc429000 r-xp 00005000 08:02 3452460                    /usr/lib/libdrm.so.2.131.0
7f4dcc429000-7f4dcc42d000 r--p 00011000 08:02 3452460                    /usr/lib/libdrm.so.2.131.0
7f4dcc42d000-7f4dcc42e000 r--p 00015000 08:02 3452460                    /usr/lib/libdrm.so.2.131.0
7f4dcc42e000-7f4dcc42f000 rw-p 00016000 08:02 3452460                    /usr/lib/libdrm.so.2.131.0
7f4dcc42f000-7f4dcc4ff000 rw-s 00000000 00:01 30761                      /memfd:wayland-cursor (deleted)
7f4dcc4ff000-7f4dcc500000 rw-p 00000000 00:00 0 
7f4dcc500000-7f4dcc504000 ---p 00000000 00:00 0 
7f4dcc504000-7f4dcc600000 rw-p 00000000 00:00 0 
7f4dcc600000-7f4dcc613000 r-xp 00000000 08:02 2118933                    /home/emn4tor/.jdks/corretto-21.0.8/lib/libnio.so
7f4dcc613000-7f4dcc812000 ---p 00013000 08:02 2118933                    /home/emn4tor/.jdks/corretto-21.0.8/lib/libnio.so
7f4dcc812000-7f4dcc813000 r--p 00012000 08:02 2118933                    /home/emn4tor/.jdks/corretto-21.0.8/lib/libnio.so
7f4dcc813000-7f4dcc814000 rw-p 00013000 08:02 2118933                    /home/emn4tor/.jdks/corretto-21.0.8/lib/libnio.so
7f4dcc816000-7f4dcc81d000 r--p 00000000 08:02 3446954                    /usr/lib/libxcb-randr.so.0.1.0
7f4dcc81d000-7f4dcc823000 r-xp 00007000 08:02 3446954                    /usr/lib/libxcb-randr.so.0.1.0
7f4dcc823000-7f4dcc826000 r--p 0000d000 08:02 3446954                    /usr/lib/libxcb-randr.so.0.1.0
7f4dcc826000-7f4dcc827000 r--p 00010000 08:02 3446954                    /usr/lib/libxcb-randr.so.0.1.0
7f4dcc827000-7f4dcc828000 rw-p 00011000 08:02 3446954                    /usr/lib/libxcb-randr.so.0.1.0
7f4dcc828000-7f4dcc82a000 r--p 00000000 08:02 3451332                    /usr/lib/libfribidi.so.0.4.0
7f4dcc82a000-7f4dcc82f000 r-xp 00002000 08:02 3451332                    /usr/lib/libfribidi.so.0.4.0
7f4dcc82f000-7f4dcc846000 r--p 00007000 08:02 3451332                    /usr/lib/libfribidi.so.0.4.0
7f4dcc846000-7f4dcc847000 r--p 0001d000 08:02 3451332                    /usr/lib/libfribidi.so.0.4.0
7f4dcc847000-7f4dcc848000 rw-p 0001e000 08:02 3451332                    /usr/lib/libfribidi.so.0.4.0
7f4dcc848000-7f4dcc854000 r--p 00000000 08:02 3447002                    /usr/lib/libxcb.so.1.1.0
7f4dcc854000-7f4dcc868000 r-xp 0000c000 08:02 3447002                    /usr/lib/libxcb.so.1.1.0
7f4dcc868000-7f4dcc871000 r--p 00020000 08:02 3447002                    /usr/lib/libxcb.so.1.1.0
7f4dcc871000-7f4dcc872000 r--p 00028000 08:02 3447002                    /usr/lib/libxcb.so.1.1.0
7f4dcc872000-7f4dcc873000 rw-p 00029000 08:02 3447002                    /usr/lib/libxcb.so.1.1.0
7f4dcc873000-7f4dcc879000 r--p 00000000 08:02 3446620                    /usr/lib/libfontconfig.so.1.16.0
7f4dcc879000-7f4dcc8aa000 r-xp 00006000 08:02 3446620                    /usr/lib/libfontconfig.so.1.16.0
7f4dcc8aa000-7f4dcc8c1000 r--p 00037000 08:02 3446620                    /usr/lib/libfontconfig.so.1.16.0
7f4dcc8c1000-7f4dcc8c3000 r--p 0004d000 08:02 3446620                    /usr/lib/libfontconfig.so.1.16.0
7f4dcc8c3000-7f4dcc8c4000 rw-p 0004f000 08:02 3446620                    /usr/lib/libfontconfig.so.1.16.0
7f4dcc8c4000-7f4dcc8ca000 r--p 00000000 08:02 3446581                    /usr/lib/libpng16.so.16.53.0
7f4dcc8ca000-7f4dcc8f4000 r-xp 00006000 08:02 3446581                    /usr/lib/libpng16.so.16.53.0
7f4dcc8f4000-7f4dcc8fd000 r--p 00030000 08:02 3446581                    /usr/lib/libpng16.so.16.53.0
7f4dcc8fd000-7f4dcc8fe000 r--p 00038000 08:02 3446581                    /usr/lib/libpng16.so.16.53.0
7f4dcc8fe000-7f4dcc8ff000 rw-p 00039000 08:02 3446581                    /usr/lib/libpng16.so.16.53.0
7f4dcc8ff000-7f4dcc900000 rw-p 00000000 00:00 0 
7f4dcc900000-7f4dcc904000 ---p 00000000 00:00 0 
7f4dcc904000-7f4dcca00000 rw-p 00000000 00:00 0 
7f4dcca00000-7f4dccace000 r-xp 00000000 08:02 2118942                    /home/emn4tor/.jdks/corretto-21.0.8/lib/libjsvml.so
7f4dccace000-7f4dccccd000 ---p 000ce000 08:02 2118942                    /home/emn4tor/.jdks/corretto-21.0.8/lib/libjsvml.so
7f4dccccd000-7f4dcccce000 r--p 000cd000 08:02 2118942                    /home/emn4tor/.jdks/corretto-21.0.8/lib/libjsvml.so
7f4dcccce000-7f4dccccf000 rw-p 000ce000 08:02 2118942                    /home/emn4tor/.jdks/corretto-21.0.8/lib/libjsvml.so
7f4dcccd2000-7f4dcccd5000 r--p 00000000 08:02 3446975                    /usr/lib/libxcb-sync.so.1.0.0
7f4dcccd5000-7f4dcccd8000 r-xp 00003000 08:02 3446975                    /usr/lib/libxcb-sync.so.1.0.0
7f4dcccd8000-7f4dcccd9000 r--p 00006000 08:02 3446975                    /usr/lib/libxcb-sync.so.1.0.0
7f4dcccd9000-7f4dcccda000 r--p 00007000 08:02 3446975                    /usr/lib/libxcb-sync.so.1.0.0
7f4dcccda000-7f4dcccdb000 rw-p 00008000 08:02 3446975                    /usr/lib/libxcb-sync.so.1.0.0
7f4dcccdb000-7f4dccce3000 r--p 00000000 08:02 3452681                    /usr/lib/libpangoft2-1.0.so.0.5700.0
7f4dccce3000-7f4dcccf2000 r-xp 00008000 08:02 3452681                    /usr/lib/libpangoft2-1.0.so.0.5700.0
7f4dcccf2000-7f4dcccf7000 r--p 00017000 08:02 3452681                    /usr/lib/libpangoft2-1.0.so.0.5700.0
7f4dcccf7000-7f4dcccf8000 r--p 0001c000 08:02 3452681                    /usr/lib/libpangoft2-1.0.so.0.5700.0
7f4dcccf8000-7f4dcccf9000 rw-p 0001d000 08:02 3452681                    /usr/lib/libpangoft2-1.0.so.0.5700.0
7f4dcccf9000-7f4dcccfa000 rw-p 00000000 00:00 0 
7f4dcccfa000-7f4dcccfe000 ---p 00000000 00:00 0 
7f4dcccfe000-7f4dccdfb000 rw-p 00000000 00:00 0 
7f4dccdfb000-7f4dccdff000 ---p 00000000 00:00 0 
7f4dccdff000-7f4dccefc000 rw-p 00000000 00:00 0 
7f4dccefc000-7f4dccf00000 ---p 00000000 00:00 0 
7f4dccf00000-7f4dccffd000 rw-p 00000000 00:00 0 
7f4dccffd000-7f4dcd001000 ---p 00000000 00:00 0 
7f4dcd001000-7f4dcd0fe000 rw-p 00000000 00:00 0 
7f4dcd0fe000-7f4dcd102000 ---p 00000000 00:00 0 
7f4dcd102000-7f4dcd1ff000 rw-p 00000000 00:00 0 
7f4dcd1ff000-7f4dcd203000 ---p 00000000 00:00 0 
7f4dcd203000-7f4dcd300000 rw-p 00000000 00:00 0 
7f4dcd300000-7f4dcd304000 ---p 00000000 00:00 0 
7f4dcd304000-7f4dcd400000 rw-p 00000000 00:00 0 
7f4dcd400000-7f4dcd747000 r--p 00000000 08:02 3459828                    /usr/lib/locale/locale-archive
7f4dcd74a000-7f4dcd756000 r--p 00000000 08:02 3431963                    /usr/lib/libgobject-2.0.so.0.8600.3
7f4dcd756000-7f4dcd78d000 r-xp 0000c000 08:02 3431963                    /usr/lib/libgobject-2.0.so.0.8600.3
7f4dcd78d000-7f4dcd7a5000 r--p 00043000 08:02 3431963                    /usr/lib/libgobject-2.0.so.0.8600.3
7f4dcd7a5000-7f4dcd7a8000 r--p 0005b000 08:02 3431963                    /usr/lib/libgobject-2.0.so.0.8600.3
7f4dcd7a8000-7f4dcd7a9000 rw-p 0005e000 08:02 3431963                    /usr/lib/libgobject-2.0.so.0.8600.3
7f4dcd7a9000-7f4dcd7b7000 r--p 00000000 08:02 3432988                    /usr/lib/libdbus-1.so.3.38.3
7f4dcd7b7000-7f4dcd7e8000 r-xp 0000e000 08:02 3432988                    /usr/lib/libdbus-1.so.3.38.3
7f4dcd7e8000-7f4dcd7f9000 r--p 0003f000 08:02 3432988                    /usr/lib/libdbus-1.so.3.38.3
7f4dcd7f9000-7f4dcd7fb000 r--p 0004f000 08:02 3432988                    /usr/lib/libdbus-1.so.3.38.3
7f4dcd7fb000-7f4dcd7fc000 rw-p 00051000 08:02 3432988                    /usr/lib/libdbus-1.so.3.38.3
7f4dcd7fc000-7f4dcd7fd000 rw-p 00000000 00:00 0 
7f4dcd7fd000-7f4dcd801000 ---p 00000000 00:00 0 
7f4dcd801000-7f4dcdc00000 rw-p 00000000 00:00 0 
7f4dcdc00000-7f4dcfc00000 rw-p 00000000 00:00 0 
7f4dcfc00000-7f4dcfc01000 r--p 00000000 08:02 3452479                    /usr/lib/libxshmfence.so.1.0.0
7f4dcfc01000-7f4dcfc02000 r-xp 00001000 08:02 3452479                    /usr/lib/libxshmfence.so.1.0.0
7f4dcfc02000-7f4dcfc03000 r--p 00002000 08:02 3452479                    /usr/lib/libxshmfence.so.1.0.0
7f4dcfc03000-7f4dcfc04000 r--p 00002000 08:02 3452479                    /usr/lib/libxshmfence.so.1.0.0
7f4dcfc04000-7f4dcfc05000 rw-p 00003000 08:02 3452479                    /usr/lib/libxshmfence.so.1.0.0
7f4dcfc05000-7f4dcfc0a000 r--p 00000000 08:02 3452676                    /usr/lib/libpangocairo-1.0.so.0.5700.0
7f4dcfc0a000-7f4dcfc11000 r-xp 00005000 08:02 3452676                    /usr/lib/libpangocairo-1.0.so.0.5700.0
7f4dcfc11000-7f4dcfc13000 r--p 0000c000 08:02 3452676                    /usr/lib/libpangocairo-1.0.so.0.5700.0
7f4dcfc13000-7f4dcfc14000 r--p 0000e000 08:02 3452676                    /usr/lib/libpangocairo-1.0.so.0.5700.0
7f4dcfc14000-7f4dcfc15000 rw-p 0000f000 08:02 3452676                    /usr/lib/libpangocairo-1.0.so.0.5700.0
7f4dcfc15000-7f4dcfc24000 r--p 00000000 00:2a 6985                       /tmp/lwjgl_emn4tor/3.3.4+7/x64/libglfw.so
7f4dcfc24000-7f4dcfc45000 r-xp 0000f000 00:2a 6985                       /tmp/lwjgl_emn4tor/3.3.4+7/x64/libglfw.so
7f4dcfc45000-7f4dcfc79000 r--p 00030000 00:2a 6985                       /tmp/lwjgl_emn4tor/3.3.4+7/x64/libglfw.so
7f4dcfc79000-7f4dcfc7a000 ---p 00064000 00:2a 6985                       /tmp/lwjgl_emn4tor/3.3.4+7/x64/libglfw.so
7f4dcfc7a000-7f4dcfc7e000 r--p 00064000 00:2a 6985                       /tmp/lwjgl_emn4tor/3.3.4+7/x64/libglfw.so
7f4dcfc7e000-7f4dcfc81000 rw-p 00068000 00:2a 6985                       /tmp/lwjgl_emn4tor/3.3.4+7/x64/libglfw.so
7f4dcfc81000-7f4dd0464000 rw-p 00000000 00:00 0 
7f4dd0464000-7f4dd7874000 ---p 00000000 00:00 0 
7f4dd7874000-7f4dd797c000 rw-p 00000000 00:00 0 
7f4dd797c000-7f4dd87fe000 ---p 00000000 00:00 0 
7f4dd87fe000-7f4dd8800000 rw-p 00000000 00:00 0 
7f4dd8800000-7f4dd8a70000 rwxp 00000000 00:00 0 
7f4dd8a70000-7f4ddfd37000 ---p 00000000 00:00 0 
7f4ddfd37000-7f4ddffa7000 rwxp 00000000 00:00 0 
7f4ddffa7000-7f4de02c9000 ---p 00000000 00:00 0 
7f4de02c9000-7f4de0539000 rwxp 00000000 00:00 0 
7f4de0539000-7f4de7800000 ---p 00000000 00:00 0 
7f4de7800000-7f4deff6b000 r--s 00000000 08:02 2118915                    /home/emn4tor/.jdks/corretto-21.0.8/lib/modules
7f4deff6c000-7f4deff6f000 r--s 00000000 08:02 1359206                    /home/emn4tor/.cache/fontconfig/6ba42ae0000f58711b5caaf10d690066-le64.cache-9
7f4deff6f000-7f4deff70000 r--p 00000000 08:02 3446951                    /usr/lib/libxcb-present.so.0.0.0
7f4deff70000-7f4deff71000 r-xp 00001000 08:02 3446951                    /usr/lib/libxcb-present.so.0.0.0
7f4deff71000-7f4deff72000 r--p 00002000 08:02 3446951                    /usr/lib/libxcb-present.so.0.0.0
7f4deff72000-7f4deff73000 r--p 00002000 08:02 3446951                    /usr/lib/libxcb-present.so.0.0.0
7f4deff73000-7f4deff74000 rw-p 00003000 08:02 3446951                    /usr/lib/libxcb-present.so.0.0.0
7f4deff74000-7f4deff78000 r--p 00000000 08:02 3450158                    /usr/lib/libXext.so.6.4.0
7f4deff78000-7f4deff83000 r-xp 00004000 08:02 3450158                    /usr/lib/libXext.so.6.4.0
7f4deff83000-7f4deff87000 r--p 0000f000 08:02 3450158                    /usr/lib/libXext.so.6.4.0
7f4deff87000-7f4deff88000 r--p 00012000 08:02 3450158                    /usr/lib/libXext.so.6.4.0
7f4deff88000-7f4deff89000 rw-p 00013000 08:02 3450158                    /usr/lib/libXext.so.6.4.0
7f4deff89000-7f4deffb3000 r--p 00000000 00:2a 6984                       /tmp/lwjgl_emn4tor/3.3.4+7/x64/liblwjgl.so
7f4deffb3000-7f4deffe5000 r-xp 0002a000 00:2a 6984                       /tmp/lwjgl_emn4tor/3.3.4+7/x64/liblwjgl.so
7f4deffe5000-7f4defffe000 r--p 0005c000 00:2a 6984                       /tmp/lwjgl_emn4tor/3.3.4+7/x64/liblwjgl.so
7f4defffe000-7f4deffff000 r--p 00074000 00:2a 6984                       /tmp/lwjgl_emn4tor/3.3.4+7/x64/liblwjgl.so
7f4deffff000-7f4df0000000 rw-p 00075000 00:2a 6984                       /tmp/lwjgl_emn4tor/3.3.4+7/x64/liblwjgl.so
7f4df0000000-7f4df0a80000 rw-p 00000000 00:00 0 
7f4df0a80000-7f4df4000000 ---p 00000000 00:00 0 
7f4df4000000-7f4df4006000 r--p 00000000 08:02 3446960                    /usr/lib/libxcb-render.so.0.0.0
7f4df4006000-7f4df400b000 r-xp 00006000 08:02 3446960                    /usr/lib/libxcb-render.so.0.0.0
7f4df400b000-7f4df400d000 r--p 0000b000 08:02 3446960                    /usr/lib/libxcb-render.so.0.0.0
7f4df400d000-7f4df400e000 r--p 0000d000 08:02 3446960                    /usr/lib/libxcb-render.so.0.0.0
7f4df400e000-7f4df400f000 rw-p 0000e000 08:02 3446960                    /usr/lib/libxcb-render.so.0.0.0
7f4df400f000-7f4df4013000 r--p 00000000 08:02 3452891                    /usr/lib/libxkbcommon.so.0.13.1
7f4df4013000-7f4df4041000 r-xp 00004000 08:02 3452891                    /usr/lib/libxkbcommon.so.0.13.1
7f4df4041000-7f4df4069000 r--p 00032000 08:02 3452891                    /usr/lib/libxkbcommon.so.0.13.1
7f4df4069000-7f4df406b000 r--p 0005a000 08:02 3452891                    /usr/lib/libxkbcommon.so.0.13.1
7f4df406b000-7f4df406c000 rw-p 0005c000 08:02 3452891                    /usr/lib/libxkbcommon.so.0.13.1
7f4df406c000-7f4df416d000 rw-p 00000000 00:00 0 
7f4df416d000-7f4df4b77000 rw-p 00000000 00:00 0 
7f4df4b77000-7f4df4e7a000 rw-p 00000000 00:00 0 
7f4df4e7a000-7f4df4f72000 rw-p 00000000 00:00 0 
7f4df4f72000-7f4df5df4000 ---p 00000000 00:00 0 
7f4df5df4000-7f4df6800000 rw-p 00000000 00:00 0 
7f4df6800000-7f4df6820000 r-xp 00000000 08:02 2118902                    /home/emn4tor/.jdks/corretto-21.0.8/lib/libjava.so
7f4df6820000-7f4df6a1f000 ---p 00020000 08:02 2118902                    /home/emn4tor/.jdks/corretto-21.0.8/lib/libjava.so
7f4df6a1f000-7f4df6a20000 r--p 0001f000 08:02 2118902                    /home/emn4tor/.jdks/corretto-21.0.8/lib/libjava.so
7f4df6a20000-7f4df6a21000 rw-p 00020000 08:02 2118902                    /home/emn4tor/.jdks/corretto-21.0.8/lib/libjava.so
7f4df6a21000-7f4df6a22000 rw-p 00000000 00:00 0 
7f4df6a23000-7f4df6a25000 r--p 00000000 08:02 3446945                    /usr/lib/libxcb-dri3.so.0.1.0
7f4df6a25000-7f4df6a27000 r-xp 00002000 08:02 3446945                    /usr/lib/libxcb-dri3.so.0.1.0
7f4df6a27000-7f4df6a28000 r--p 00004000 08:02 3446945                    /usr/lib/libxcb-dri3.so.0.1.0
7f4df6a28000-7f4df6a29000 r--p 00004000 08:02 3446945                    /usr/lib/libxcb-dri3.so.0.1.0
7f4df6a29000-7f4df6a2a000 rw-p 00005000 08:02 3446945                    /usr/lib/libxcb-dri3.so.0.1.0
7f4df6a2a000-7f4df6a2f000 rw-p 00000000 00:00 0 
7f4df6a2f000-7f4df6b15000 ---p 00000000 00:00 0 
7f4df6b15000-7f4df6b1a000 rw-p 00000000 00:00 0 
7f4df6b1a000-7f4df6c00000 ---p 00000000 00:00 0 
7f4df6c00000-7f4df6c1b000 r-xp 00000000 08:02 2118900                    /home/emn4tor/.jdks/corretto-21.0.8/lib/libjimage.so
7f4df6c1b000-7f4df6e1a000 ---p 0001b000 08:02 2118900                    /home/emn4tor/.jdks/corretto-21.0.8/lib/libjimage.so
7f4df6e1a000-7f4df6e1c000 r--p 0001a000 08:02 2118900                    /home/emn4tor/.jdks/corretto-21.0.8/lib/libjimage.so
7f4df6e1c000-7f4df6e1d000 rw-p 0001c000 08:02 2118900                    /home/emn4tor/.jdks/corretto-21.0.8/lib/libjimage.so
7f4df6e1d000-7f4df6e1f000 r--p 00000000 08:02 3431959                    /usr/lib/libgmodule-2.0.so.0.8600.3
7f4df6e1f000-7f4df6e21000 r-xp 00002000 08:02 3431959                    /usr/lib/libgmodule-2.0.so.0.8600.3
7f4df6e21000-7f4df6e22000 r--p 00004000 08:02 3431959                    /usr/lib/libgmodule-2.0.so.0.8600.3
7f4df6e22000-7f4df6e23000 r--p 00004000 08:02 3431959                    /usr/lib/libgmodule-2.0.so.0.8600.3
7f4df6e23000-7f4df6e24000 rw-p 00005000 08:02 3431959                    /usr/lib/libgmodule-2.0.so.0.8600.3
7f4df6e24000-7f4df6f00000 rw-p 00000000 00:00 0 
7f4df6f00000-7f4df6f04000 ---p 00000000 00:00 0 
7f4df6f04000-7f4df7000000 rw-p 00000000 00:00 0 
7f4df7000000-7f4df8463000 r-xp 00000000 08:02 2118922                    /home/emn4tor/.jdks/corretto-21.0.8/lib/server/libjvm.so
7f4df8463000-7f4df8662000 ---p 01463000 08:02 2118922                    /home/emn4tor/.jdks/corretto-21.0.8/lib/server/libjvm.so
7f4df8662000-7f4df8737000 r--p 01462000 08:02 2118922                    /home/emn4tor/.jdks/corretto-21.0.8/lib/server/libjvm.so
7f4df8737000-7f4df8767000 rw-p 01537000 08:02 2118922                    /home/emn4tor/.jdks/corretto-21.0.8/lib/server/libjvm.so
7f4df8767000-7f4df87cd000 rw-p 00000000 00:00 0 
7f4df87d0000-7f4df87d3000 r--p 00000000 08:02 3446981                    /usr/lib/libxcb-xfixes.so.0.0.0
7f4df87d3000-7f4df87d6000 r-xp 00003000 08:02 3446981                    /usr/lib/libxcb-xfixes.so.0.0.0
7f4df87d6000-7f4df87d7000 r--p 00006000 08:02 3446981                    /usr/lib/libxcb-xfixes.so.0.0.0
7f4df87d7000-7f4df87d8000 r--p 00007000 08:02 3446981                    /usr/lib/libxcb-xfixes.so.0.0.0
7f4df87d8000-7f4df87d9000 rw-p 00008000 08:02 3446981                    /usr/lib/libxcb-xfixes.so.0.0.0
7f4df87d9000-7f4df87da000 r--p 00000000 08:02 3449342                    /usr/lib/libX11-xcb.so.1.0.0
7f4df87da000-7f4df87db000 r-xp 00001000 08:02 3449342                    /usr/lib/libX11-xcb.so.1.0.0
7f4df87db000-7f4df87dc000 r--p 00002000 08:02 3449342                    /usr/lib/libX11-xcb.so.1.0.0
7f4df87dc000-7f4df87dd000 r--p 00002000 08:02 3449342                    /usr/lib/libX11-xcb.so.1.0.0
7f4df87dd000-7f4df87de000 rw-p 00003000 08:02 3449342                    /usr/lib/libX11-xcb.so.1.0.0
7f4df87de000-7f4df87e0000 r--p 00000000 08:02 3452614                    /usr/lib/libEGL.so.1.1.0
7f4df87e0000-7f4df87ea000 r-xp 00002000 08:02 3452614                    /usr/lib/libEGL.so.1.1.0
7f4df87ea000-7f4df87ee000 r--p 0000c000 08:02 3452614                    /usr/lib/libEGL.so.1.1.0
7f4df87ee000-7f4df87ef000 r--p 0000f000 08:02 3452614                    /usr/lib/libEGL.so.1.1.0
7f4df87ef000-7f4df87f0000 rw-p 00010000 08:02 3452614                    /usr/lib/libEGL.so.1.1.0
7f4df87f0000-7f4df87f4000 r--p 00000000 08:02 3685855                    /usr/lib/libdecor/plugins-1/libdecor-cairo.so
7f4df87f4000-7f4df87fa000 r-xp 00004000 08:02 3685855                    /usr/lib/libdecor/plugins-1/libdecor-cairo.so
7f4df87fa000-7f4df87fc000 r--p 0000a000 08:02 3685855                    /usr/lib/libdecor/plugins-1/libdecor-cairo.so
7f4df87fc000-7f4df87ff000 r--p 0000b000 08:02 3685855                    /usr/lib/libdecor/plugins-1/libdecor-cairo.so
7f4df87ff000-7f4df8800000 rw-p 0000e000 08:02 3685855                    /usr/lib/libdecor/plugins-1/libdecor-cairo.so
7f4df8800000-7f4df8824000 r--p 00000000 08:02 3411288                    /usr/lib/libc.so.6
7f4df8824000-7f4df8995000 r-xp 00024000 08:02 3411288                    /usr/lib/libc.so.6
7f4df8995000-7f4df8a04000 r--p 00195000 08:02 3411288                    /usr/lib/libc.so.6
7f4df8a04000-7f4df8a08000 r--p 00203000 08:02 3411288                    /usr/lib/libc.so.6
7f4df8a08000-7f4df8a0a000 rw-p 00207000 08:02 3411288                    /usr/lib/libc.so.6
7f4df8a0a000-7f4df8a12000 rw-p 00000000 00:00 0 
7f4df8a13000-7f4df8a15000 r--p 00000000 00:01 4098                       /memfd:kwin-dmabuf-feedback-table (deleted)
7f4df8a15000-7f4df8a17000 r--p 00000000 08:02 3450568                    /usr/lib/libXrender.so.1.3.0
7f4df8a17000-7f4df8a1e000 r-xp 00002000 08:02 3450568                    /usr/lib/libXrender.so.1.3.0
7f4df8a1e000-7f4df8a1f000 r--p 00009000 08:02 3450568                    /usr/lib/libXrender.so.1.3.0
7f4df8a1f000-7f4df8a20000 r--p 00009000 08:02 3450568                    /usr/lib/libXrender.so.1.3.0
7f4df8a20000-7f4df8a21000 rw-p 0000a000 08:02 3450568                    /usr/lib/libXrender.so.1.3.0
7f4df8a21000-7f4df8a22000 rw-s 16a863000 00:06 1205                      /dev/dri/renderD128
7f4df8a22000-7f4df8a23000 rw-s 194f1e000 00:06 1205                      /dev/dri/renderD128
7f4df8a23000-7f4df8a24000 rw-s 23bde8000 00:06 1205                      /dev/dri/renderD128
7f4df8a24000-7f4df8a26000 r--p 00000000 08:02 3453760                    /usr/lib/libgbm.so.1.0.0
7f4df8a26000-7f4df8a27000 r-xp 00002000 08:02 3453760                    /usr/lib/libgbm.so.1.0.0
7f4df8a27000-7f4df8a28000 r--p 00003000 08:02 3453760                    /usr/lib/libgbm.so.1.0.0
7f4df8a28000-7f4df8a29000 r--p 00003000 08:02 3453760                    /usr/lib/libgbm.so.1.0.0
7f4df8a29000-7f4df8a2a000 rw-p 00004000 08:02 3453760                    /usr/lib/libgbm.so.1.0.0
7f4df8a2a000-7f4df8a31000 r--s 00000000 08:02 3459834                    /usr/lib/gconv/gconv-modules.cache
7f4df8a31000-7f4df8af2000 rw-p 00000000 00:00 0 
7f4df8af2000-7f4df8b01000 r--p 00000000 08:02 3411300                    /usr/lib/libm.so.6
7f4df8b01000-7f4df8b8c000 r-xp 0000f000 08:02 3411300                    /usr/lib/libm.so.6
7f4df8b8c000-7f4df8bfe000 r--p 0009a000 08:02 3411300                    /usr/lib/libm.so.6
7f4df8bfe000-7f4df8bff000 r--p 0010b000 08:02 3411300                    /usr/lib/libm.so.6
7f4df8bff000-7f4df8c00000 rw-p 0010c000 08:02 3411300                    /usr/lib/libm.so.6
7f4df8c00000-7f4df8c0f000 r-xp 00000000 08:02 2118927                    /home/emn4tor/.jdks/corretto-21.0.8/lib/libjli.so
7f4df8c0f000-7f4df8e0f000 ---p 0000f000 08:02 2118927                    /home/emn4tor/.jdks/corretto-21.0.8/lib/libjli.so
7f4df8e0f000-7f4df8e10000 r--p 0000f000 08:02 2118927                    /home/emn4tor/.jdks/corretto-21.0.8/lib/libjli.so
7f4df8e10000-7f4df8e11000 rw-p 00010000 08:02 2118927                    /home/emn4tor/.jdks/corretto-21.0.8/lib/libjli.so
7f4df8e11000-7f4df8e12000 r--p 00000000 08:02 3446972                    /usr/lib/libxcb-shm.so.0.0.0
7f4df8e12000-7f4df8e13000 r-xp 00001000 08:02 3446972                    /usr/lib/libxcb-shm.so.0.0.0
7f4df8e13000-7f4df8e14000 r--p 00002000 08:02 3446972                    /usr/lib/libxcb-shm.so.0.0.0
7f4df8e14000-7f4df8e15000 r--p 00002000 08:02 3446972                    /usr/lib/libxcb-shm.so.0.0.0
7f4df8e15000-7f4df8e16000 rw-p 00003000 08:02 3446972                    /usr/lib/libxcb-shm.so.0.0.0
7f4df8e16000-7f4df8e19000 r--p 00000000 08:02 3502115                    /usr/lib/libdecor-0.so.0.200.5
7f4df8e19000-7f4df8e1c000 r-xp 00003000 08:02 3502115                    /usr/lib/libdecor-0.so.0.200.5
7f4df8e1c000-7f4df8e1e000 r--p 00006000 08:02 3502115                    /usr/lib/libdecor-0.so.0.200.5
7f4df8e1e000-7f4df8e1f000 r--p 00007000 08:02 3502115                    /usr/lib/libdecor-0.so.0.200.5
7f4df8e1f000-7f4df8e20000 rw-p 00008000 08:02 3502115                    /usr/lib/libdecor-0.so.0.200.5
7f4df8e20000-7f4df8e22000 r--p 00000000 08:02 3452583                    /usr/lib/libwayland-cursor.so.0.24.0
7f4df8e22000-7f4df8e24000 r-xp 00002000 08:02 3452583                    /usr/lib/libwayland-cursor.so.0.24.0
7f4df8e24000-7f4df8e25000 r--p 00004000 08:02 3452583                    /usr/lib/libwayland-cursor.so.0.24.0
7f4df8e25000-7f4df8e26000 r--p 00004000 08:02 3452583                    /usr/lib/libwayland-cursor.so.0.24.0
7f4df8e26000-7f4df8e2a000 rw-p 00005000 08:02 3452583                    /usr/lib/libwayland-cursor.so.0.24.0
7f4df8e2a000-7f4df8e2c000 r--p 00000000 08:02 3429037                    /usr/lib/libffi.so.8.2.0
7f4df8e2c000-7f4df8e33000 r-xp 00002000 08:02 3429037                    /usr/lib/libffi.so.8.2.0
7f4df8e33000-7f4df8e34000 r--p 00009000 08:02 3429037                    /usr/lib/libffi.so.8.2.0
7f4df8e34000-7f4df8e35000 r--p 0000a000 08:02 3429037                    /usr/lib/libffi.so.8.2.0
7f4df8e35000-7f4df8e36000 rw-p 0000b000 08:02 3429037                    /usr/lib/libffi.so.8.2.0
7f4df8e36000-7f4df8eb2000 rw-p 00000000 00:00 0 
7f4df8eb2000-7f4df8eb3000 r--p 00000000 08:02 3411328                    /usr/lib/librt.so.1
7f4df8eb3000-7f4df8eb4000 r-xp 00001000 08:02 3411328                    /usr/lib/librt.so.1
7f4df8eb4000-7f4df8eb5000 r--p 00002000 08:02 3411328                    /usr/lib/librt.so.1
7f4df8eb5000-7f4df8eb6000 r--p 00002000 08:02 3411328                    /usr/lib/librt.so.1
7f4df8eb6000-7f4df8eb7000 rw-p 00003000 08:02 3411328                    /usr/lib/librt.so.1
7f4df8eb7000-7f4df8ebb000 rw-p 00000000 00:00 0 
7f4df8ebb000-7f4df8ebc000 r--p 00000000 08:02 3411294                    /usr/lib/libdl.so.2
7f4df8ebc000-7f4df8ebd000 r-xp 00001000 08:02 3411294                    /usr/lib/libdl.so.2
7f4df8ebd000-7f4df8ebe000 r--p 00002000 08:02 3411294                    /usr/lib/libdl.so.2
7f4df8ebe000-7f4df8ebf000 r--p 00002000 08:02 3411294                    /usr/lib/libdl.so.2
7f4df8ebf000-7f4df8ec0000 rw-p 00003000 08:02 3411294                    /usr/lib/libdl.so.2
7f4df8ec0000-7f4df8ec1000 r--p 00000000 08:02 3411321                    /usr/lib/libpthread.so.0
7f4df8ec1000-7f4df8ec2000 r-xp 00001000 08:02 3411321                    /usr/lib/libpthread.so.0
7f4df8ec2000-7f4df8ec3000 r--p 00002000 08:02 3411321                    /usr/lib/libpthread.so.0
7f4df8ec3000-7f4df8ec4000 r--p 00002000 08:02 3411321                    /usr/lib/libpthread.so.0
7f4df8ec4000-7f4df8ec5000 rw-p 00003000 08:02 3411321                    /usr/lib/libpthread.so.0
7f4df8ec5000-7f4df8ec8000 r--p 00000000 08:02 3415379                    /usr/lib/libz.so.1.3.1
7f4df8ec8000-7f4df8ed6000 r-xp 00003000 08:02 3415379                    /usr/lib/libz.so.1.3.1
7f4df8ed6000-7f4df8edc000 r--p 00011000 08:02 3415379                    /usr/lib/libz.so.1.3.1
7f4df8edc000-7f4df8edd000 r--p 00017000 08:02 3415379                    /usr/lib/libz.so.1.3.1
7f4df8edd000-7f4df8ede000 rw-p 00018000 08:02 3415379                    /usr/lib/libz.so.1.3.1
7f4df8ede000-7f4df8edf000 rw-s 1419fa000 00:06 1205                      /dev/dri/renderD128
7f4df8edf000-7f4df8ee0000 rw-p 00000000 00:00 0 
7f4df8ee0000-7f4df8ee1000 rw-p 00000000 00:00 0 
7f4df8ee1000-7f4df8ee2000 r--p 00000000 08:02 3452586                    /usr/lib/libwayland-egl.so.1.24.0
7f4df8ee2000-7f4df8ee3000 r-xp 00001000 08:02 3452586                    /usr/lib/libwayland-egl.so.1.24.0
7f4df8ee3000-7f4df8ee4000 r--p 00002000 08:02 3452586                    /usr/lib/libwayland-egl.so.1.24.0
7f4df8ee4000-7f4df8ee5000 r--p 00002000 08:02 3452586                    /usr/lib/libwayland-egl.so.1.24.0
7f4df8ee5000-7f4df8ee6000 rw-p 00003000 08:02 3452586                    /usr/lib/libwayland-egl.so.1.24.0
7f4df8ee6000-7f4df8ee9000 r--p 00000000 08:02 3452580                    /usr/lib/libwayland-client.so.0.24.0
7f4df8ee9000-7f4df8ef0000 r-xp 00003000 08:02 3452580                    /usr/lib/libwayland-client.so.0.24.0
7f4df8ef0000-7f4df8ef3000 r--p 0000a000 08:02 3452580                    /usr/lib/libwayland-client.so.0.24.0
7f4df8ef3000-7f4df8ef5000 r--p 0000c000 08:02 3452580                    /usr/lib/libwayland-client.so.0.24.0
7f4df8ef5000-7f4df8ef6000 rw-p 0000e000 08:02 3452580                    /usr/lib/libwayland-client.so.0.24.0
7f4df8ef6000-7f4df8ef7000 rw-p 00000000 00:00 0 
7f4df8ef7000-7f4df8ef8000 r-xp 0005a000 00:2a 6984                       /tmp/lwjgl_emn4tor/3.3.4+7/x64/liblwjgl.so
7f4df8ef8000-7f4df8efe000 rw-p 00000000 00:00 0 
7f4df8efe000-7f4df8f05000 ---p 00000000 00:00 0 
7f4df8f05000-7f4df8f0d000 rw-s 00000000 00:2a 7684                       /tmp/hsperfdata_emn4tor/297537
7f4df8f0d000-7f4df8f0e000 ---p 00000000 00:00 0 
7f4df8f0e000-7f4df8f0f000 r--p 00000000 00:00 0 
7f4df8f0f000-7f4df8f10000 ---p 00000000 00:00 0 
7f4df8f10000-7f4df8f12000 rw-p 00000000 00:00 0 
7f4df8f12000-7f4df8f16000 r--p 00000000 00:00 0                          [vvar]
7f4df8f16000-7f4df8f18000 r--p 00000000 00:00 0                          [vvar_vclock]
7f4df8f18000-7f4df8f1a000 r-xp 00000000 00:00 0                          [vdso]
7f4df8f1a000-7f4df8f1b000 r--p 00000000 08:02 3411278                    /usr/lib/ld-linux-x86-64.so.2
7f4df8f1b000-7f4df8f45000 r-xp 00001000 08:02 3411278                    /usr/lib/ld-linux-x86-64.so.2
7f4df8f45000-7f4df8f53000 r--p 0002b000 08:02 3411278                    /usr/lib/ld-linux-x86-64.so.2
7f4df8f53000-7f4df8f55000 r--p 00039000 08:02 3411278                    /usr/lib/ld-linux-x86-64.so.2
7f4df8f55000-7f4df8f56000 rw-p 0003b000 08:02 3411278                    /usr/lib/ld-linux-x86-64.so.2
7f4df8f56000-7f4df8f57000 rw-p 00000000 00:00 0 
7fff8605b000-7fff8607c000 rw-p 00000000 00:00 0                          [stack]
ffffffffff600000-ffffffffff601000 --xp 00000000 00:00 0                  [vsyscall]
Total number of mappings: 608

JVMTI agents: none


VM Arguments:
jvm_args: -Dfile.encoding=UTF-8 -Duser.country=US -Duser.language=en -Duser.variant 
java_command: de.emn4tor.Main
java_class_path (initial): /home/emn4tor/IdeaProjects/LustigesSpielLol/build/classes/java/main:/home/emn4tor/IdeaProjects/LustigesSpielLol/build/resources/main:/home/emn4tor/.gradle/caches/modules-2/files-2.1/org.lwjgl/lwjgl-glfw/3.3.4/7e46ecdec85db8738053cfde1414352cd62dab74/lwjgl-glfw-3.3.4.jar:/home/emn4tor/.gradle/caches/modules-2/files-2.1/org.lwjgl/lwjgl-glfw/3.3.4/91e3d4b56d6d1369ef107b9d7801c9f38125c590/lwjgl-glfw-3.3.4-natives-linux.jar:/home/emn4tor/.gradle/caches/modules-2/files-2.1/org.lwjgl/lwjgl-opengl/3.3.4/2852ac7d9f6fc71349f1ce28e2708ff1977f18af/lwjgl-opengl-3.3.4.jar:/home/emn4tor/.gradle/caches/modules-2/files-2.1/org.lwjgl/lwjgl-opengl/3.3.4/789df76d2e3da55349d858dfb81442149af7c7f4/lwjgl-opengl-3.3.4-natives-linux.jar:/home/emn4tor/.gradle/caches/modules-2/files-2.1/org.lwjgl/lwjgl-stb/3.3.4/5821735d5ef23f6da8542887344e57eb181b7cac/lwjgl-stb-3.3.4.jar:/home/emn4tor/.gradle/caches/modules-2/files-2.1/org.lwjgl/lwjgl-stb/3.3.4/dfc129f009495e6effe8a023d7c3f9cf519e86e3/lwjgl-stb-3.3.4-natives-linux.jar:/home/emn4tor/.gradle/caches/modules-2/files-2.1/org.lwjgl/lwjgl/3.3.4/b86c3e4832426e8a6b466013b7cb34b40e9ce956/lwjgl-3.3.4.jar:/home/emn4tor/.gradle/caches/modules-2/files-2.1/org.lwjgl/lwjgl/3.3.4/a7ccba1d3f2fef214943e74335a80cc65d04e49/lwjgl-3.3.4-natives-linux.jar
Launcher Type: SUN_STANDARD

[Global flags]
     intx CICompilerCount                          = 4                                         {product} {ergonomic}
     uint ConcGCThreads                            = 3                                         {product} {ergonomic}
     uint G1ConcRefinementThreads                  = 10                                        {product} {ergonomic}
   size_t G1HeapRegionSize                         = 4194304                                   {product} {ergonomic}
    uintx GCDrainStackTargetSize                   = 64                                        {product} {ergonomic}
   size_t InitialHeapSize                          = 520093696                                 {product} {ergonomic}
   size_t MarkStackSize                            = 4194304                                   {product} {ergonomic}
   size_t MaxHeapSize                              = 8313110528                                {product} {ergonomic}
   size_t MaxNewSize                               = 4987027456                                {product} {ergonomic}
   size_t MinHeapDeltaBytes                        = 4194304                                   {product} {ergonomic}
   size_t MinHeapSize                              = 8388608                                   {product} {ergonomic}
    uintx NonNMethodCodeHeapSize                   = 5839372                                {pd product} {ergonomic}
    uintx NonProfiledCodeHeapSize                  = 122909434                              {pd product} {ergonomic}
    uintx ProfiledCodeHeapSize                     = 122909434                              {pd product} {ergonomic}
    uintx ReservedCodeCacheSize                    = 251658240                              {pd product} {ergonomic}
     bool SegmentedCodeCache                       = true                                      {product} {ergonomic}
   size_t SoftMaxHeapSize                          = 8313110528                             {manageable} {ergonomic}
     bool UseCompressedOops                        = true                           {product lp64_product} {ergonomic}
     bool UseG1GC                                  = true                                      {product} {ergonomic}

Logging:
Log output configuration:
 #0: stdout all=warning uptime,level,tags foldmultilines=false
 #1: stderr all=off uptime,level,tags foldmultilines=false

Environment Variables:
PATH=/usr/local/sbin:/usr/local/bin:/usr/bin:/var/lib/flatpak/exports/bin:/usr/lib/jvm/default/bin:/usr/bin/site_perl:/usr/bin/vendor_perl:/usr/bin/core_perl:/home/emn4tor/.local/share/JetBrains/Toolbox/scripts
SHELL=/bin/bash
DISPLAY=:1
LANG=en_US.UTF-8
LC_NUMERIC=de_DE.UTF-8
LC_TIME=de_DE.UTF-8

Active Locale:
LC_ALL=LC_CTYPE=en_US.UTF-8;LC_NUMERIC=de_DE.UTF-8;LC_TIME=de_DE.UTF-8;LC_COLLATE=en_US.UTF-8;LC_MONETARY=de_DE.UTF-8;LC_MESSAGES=en_US.UTF-8;LC_PAPER=de_DE.UTF-8;LC_NAME=de_DE.UTF-8;LC_ADDRESS=de_DE.UTF-8;LC_TELEPHONE=de_DE.UTF-8;LC_MEASUREMENT=de_DE.UTF-8;LC_IDENTIFICATION=de_DE.UTF-8
LC_COLLATE=en_US.UTF-8
LC_CTYPE=en_US.UTF-8
LC_MESSAGES=en_US.UTF-8
LC_MONETARY=de_DE.UTF-8
LC_NUMERIC=de_DE.UTF-8
LC_TIME=de_DE.UTF-8

Signal Handlers:
   SIGSEGV: crash_handler in libjvm.so, mask=11100100010111111101111111111110, flags=SA_RESTART|SA_SIGINFO, unblocked
    SIGBUS: crash_handler in libjvm.so, mask=11100100010111111101111111111110, flags=SA_RESTART|SA_SIGINFO, unblocked
    SIGFPE: crash_handler in libjvm.so, mask=11100100010111111101111111111110, flags=SA_RESTART|SA_SIGINFO, unblocked
   SIGPIPE: javaSignalHandler in libjvm.so, mask=11100100010111111101111111111110, flags=SA_RESTART|SA_SIGINFO, blocked
   SIGXFSZ: javaSignalHandler in libjvm.so, mask=11100100010111111101111111111110, flags=SA_RESTART|SA_SIGINFO, blocked
    SIGILL: crash_handler in libjvm.so, mask=11100100010111111101111111111110, flags=SA_RESTART|SA_SIGINFO, unblocked
   SIGUSR2: SR_handler in libjvm.so, mask=00000000000000000000000000000000, flags=SA_RESTART|SA_SIGINFO, blocked
    SIGHUP: UserHandler in libjvm.so, mask=11100100010111111101111111111110, flags=SA_RESTART|SA_SIGINFO, blocked
    SIGINT: UserHandler in libjvm.so, mask=11100100010111111101111111111110, flags=SA_RESTART|SA_SIGINFO, blocked
   SIGTERM: UserHandler in libjvm.so, mask=11100100010111111101111111111110, flags=SA_RESTART|SA_SIGINFO, blocked
   SIGQUIT: UserHandler in libjvm.so, mask=11100100010111111101111111111110, flags=SA_RESTART|SA_SIGINFO, blocked
   SIGTRAP: crash_handler in libjvm.so, mask=11100100010111111101111111111110, flags=SA_RESTART|SA_SIGINFO, unblocked


Periodic native trim disabled

---------------  S Y S T E M  ---------------

OS:
DISTRIB_ID="EndeavourOS"
DISTRIB_RELEASE="rolling"
DISTRIB_DESCRIPTION="EndeavourOS Linux"
DISTRIB_CODENAME="rolling"
uname: Linux 6.18.2-arch2-1 #1 SMP PREEMPT_DYNAMIC Thu, 18 Dec 2025 18:00:18 +0000 x86_64
OS uptime: 0 days 15:03 hours
libc: glibc 2.42 NPTL 2.42 
rlimit (soft/hard): STACK 8192k/infinity , CORE infinity/infinity , NPROC 126670/126670 , NOFILE 524288/524288 , AS infinity/infinity , CPU infinity/infinity , DATA infinity/infinity , FSIZE infinity/infinity , MEMLOCK 8192k/8192k
load average: 2,62 2,75 2,64

/proc/meminfo:
MemTotal:       32462200 kB
MemFree:         2412668 kB
MemAvailable:   13643560 kB
Buffers:          426936 kB
Cached:         11353568 kB
SwapCached:        43196 kB
Active:         13661068 kB
Inactive:       13801896 kB
Active(anon):   11127812 kB
Inactive(anon):  5520360 kB
Active(file):    2533256 kB
Inactive(file):  8281536 kB
Unevictable:        1740 kB
Mlocked:            1740 kB
SwapTotal:       9227464 kB
SwapFree:        8748808 kB
Zswap:             40480 kB
Zswapped:         107412 kB
Dirty:              7788 kB
Writeback:             0 kB
AnonPages:      15487420 kB
Mapped:          3501836 kB
Shmem:            966160 kB
KReclaimable:     882340 kB
Slab:            1185608 kB
SReclaimable:     882340 kB
SUnreclaim:       303268 kB
KernelStack:       51344 kB
PageTables:       189308 kB
SecPageTables:      4312 kB
NFS_Unstable:          0 kB
Bounce:                0 kB
WritebackTmp:          0 kB
CommitLimit:    25458564 kB
Committed_AS:   69428948 kB
VmallocTotal:   34359738367 kB
VmallocUsed:      107124 kB
VmallocChunk:          0 kB
Percpu:            17024 kB
HardwareCorrupted:     0 kB
AnonHugePages:   2764800 kB
ShmemHugePages:        0 kB
ShmemPmdMapped:        0 kB
FileHugePages:    307200 kB
FilePmdMapped:    200704 kB
CmaTotal:              0 kB
CmaFree:               0 kB
Unaccepted:            0 kB
Balloon:               0 kB
HugePages_Total:       0
HugePages_Free:        0
HugePages_Rsvd:        0
HugePages_Surp:        0
Hugepagesize:       2048 kB
Hugetlb:               0 kB
DirectMap4k:     1407268 kB
DirectMap2M:    28600320 kB
DirectMap1G:     4194304 kB

/sys/kernel/mm/transparent_hugepage/enabled: [always] madvise never
/sys/kernel/mm/transparent_hugepage/hpage_pmd_size: 2097152
/sys/kernel/mm/transparent_hugepage/defrag (defrag/compaction efforts parameter): always defer defer+madvise [madvise] never

Process Memory:
Virtual Size: 11598256K (peak: 11653216K)
Resident Set Size: 232024K (peak: 232024K) (anon: 58208K, file: 172072K, shmem: 1744K)
Swapped out: 0K
C-Heap outstanding allocations: 43131K, retained: 3036K
glibc malloc tunables: (default)

/proc/sys/kernel/threads-max (system-wide limit on the number of threads): 253340
/proc/sys/vm/max_map_count (maximum number of memory map areas a process may have): 1048576
/proc/sys/vm/swappiness (control to define how aggressively the kernel swaps out anonymous memory): 60
/proc/sys/kernel/pid_max (system-wide limit on number of process identifiers): 4194304

container information not found.
Steal ticks since vm start: 0
Steal ticks percentage since vm start:  0,000

CPU: total 12 (initial active 12) (12 cores per cpu, 2 threads per core) family 25 model 97 stepping 2 microcode 0xa60120a, cx8, cmov, fxsr, ht, mmx, 3dnowpref, sse, sse2, sse3, ssse3, sse4a, sse4.1, sse4.2, popcnt, lzcnt, tsc, tscinvbit, avx, avx2, aes, erms, clmul, bmi1, bmi2, adx, avx512f, avx512dq, avx512cd, avx512bw, avx512vl, sha, fma, vzeroupper, avx512_vpopcntdq, avx512_vpclmulqdq, avx512_vaes, avx512_vnni, clflush, clflushopt, avx512_vbmi2, avx512_vbmi, rdtscp, rdpid, fsrm, gfni, avx512_bitalg, f16c, pku, ospke, cet_ss, avx512_ifma
CPU Model and flags from /proc/cpuinfo:
model name	: AMD Ryzen 5 7500F 6-Core Processor
flags		: fpu vme de pse tsc msr pae mce cx8 apic sep mtrr pge mca cmov pat pse36 clflush mmx fxsr sse sse2 ht syscall nx mmxext fxsr_opt pdpe1gb rdtscp lm constant_tsc rep_good amd_lbr_v2 nopl xtopology nonstop_tsc cpuid extd_apicid aperfmperf rapl pni pclmulqdq monitor ssse3 fma cx16 sse4_1 sse4_2 movbe popcnt aes xsave avx f16c rdrand lahf_lm cmp_legacy svm extapic cr8_legacy abm sse4a misalignsse 3dnowprefetch osvw ibs skinit wdt tce topoext perfctr_core perfctr_nb bpext perfctr_llc mwaitx cpuid_fault cpb cat_l3 cdp_l3 hw_pstate ssbd mba perfmon_v2 ibrs ibpb stibp ibrs_enhanced vmmcall fsgsbase bmi1 avx2 smep bmi2 erms invpcid cqm rdt_a avx512f avx512dq rdseed adx smap avx512ifma clflushopt clwb avx512cd sha_ni avx512bw avx512vl xsaveopt xsavec xgetbv1 xsaves cqm_llc cqm_occup_llc cqm_mbm_total cqm_mbm_local user_shstk avx512_bf16 clzero irperf xsaveerptr rdpru wbnoinvd cppc arat npt lbrv svm_lock nrip_save tsc_scale vmcb_clean flushbyasid decodeassists pausefilter pfthreshold avic vgif x2avic v_spec_ctrl vnmi avx512vbmi umip pku ospke avx512_vbmi2 gfni vaes vpclmulqdq avx512_vnni avx512_bitalg avx512_vpopcntdq rdpid overflow_recov succor smca fsrm flush_l1d amd_lbr_pmc_freeze

Online cpus: 0-11
Offline cpus: 
BIOS frequency limitation: <Not Available>
Frequency switch latency (ns): 0
Available cpu frequencies: <Not Available>
Current governor: performance
Core performance/turbo boost: 1

Memory: 4k page, physical 32462200k(13643560k free), swap 9227464k(8748808k free)
Page Sizes: 4k

vm_info: OpenJDK 64-Bit Server VM (21.0.8+9-LTS) for linux-amd64 JRE (21.0.8+9-LTS), built on 2025-07-09T19:24:34Z by "jenkins" with gcc 7.3.1 20180303 (Red Hat 7.3.1-5)

END.
