#
# A fatal error has been detected by the Java Runtime Environment:
#
#  SIGSEGV (0xb) at pc=0x00007f588426cb4a, pid=295161, tid=295163
#
# JRE version: OpenJDK Runtime Environment Corretto-21.0.8.9.1 (21.0.8+9) (build 21.0.8+9-LTS)
# Java VM: OpenJDK 64-Bit Server VM Corretto-21.0.8.9.1 (21.0.8+9-LTS, mixed mode, sharing, tiered, compressed oops, compressed class ptrs, g1 gc, linux-amd64)
# Problematic frame:
# C  [liblwjgl_stb.so+0x50b4a]
#
# Core dump will be written. Default location: Core dumps may be processed with "/usr/lib/systemd/systemd-coredump %P %u %g %s %t %c %h %d %F" (or dumping to /home/emn4tor/IdeaProjects/LustigesSpielLol/core.295161)
#
# If you would like to submit a bug report, please visit:
#   https://github.com/corretto/corretto-21/issues/
# The crash happened outside the Java Virtual Machine in native code.
# See problematic frame for where to report the bug.
#

---------------  S U M M A R Y ------------

Command Line: -Dfile.encoding=UTF-8 -Duser.country=US -Duser.language=en -Duser.variant de.emn4tor.Main

Host: AMD Ryzen 5 7500F 6-Core Processor, 12 cores, 30G, EndeavourOS Linux
Time: Fri Dec 26 16:08:46 2025 CET elapsed time: 0.358221 seconds (0d 0h 0m 0s)

---------------  T H R E A D  ---------------

Current thread (0x00007f590c02b710):  JavaThread "main"             [_thread_in_native, id=295163, stack(0x00007f5910300000,0x00007f5910400000) (1024K)]

Stack: [0x00007f5910300000,0x00007f5910400000],  sp=0x00007f59103fe578,  free space=1017k
Native frames: (J=compiled Java code, j=interpreted, Vv=VM code, C=native code)
C  [liblwjgl_stb.so+0x50b4a]
Java frames: (J=compiled Java code, j=interpreted, Vv=VM code)
j  org.lwjgl.stb.STBTruetype.nstbtt_InitFont(JJI)I+0
j  org.lwjgl.stb.STBTruetype.stbtt_InitFont(Lorg/lwjgl/stb/STBTTFontinfo;Ljava/nio/ByteBuffer;)Z+9
j  de.emn4tor.Renderer.initFont()V+153
j  de.emn4tor.Renderer.<init>()V+35
j  de.emn4tor.Game.initGL(Lde/emn4tor/ui/FPSCounter;)V+9
j  de.emn4tor.Main.loop()V+7
j  de.emn4tor.Main.run()V+13
j  de.emn4tor.Main.main([Ljava/lang/String;)V+7
v  ~StubRoutines::call_stub 0x00007f58fb537cc6

siginfo: si_signo: 11 (SIGSEGV), si_code: 1 (SEGV_MAPERR), si_addr: 0x0000000000000014

Registers:
RAX=0x0000000000000014, RBX=0x00007f590ca04100, RCX=0x0000000000000010, RDX=0x00007f588429ec8f
RSP=0x00007f59103fe578, RBP=0x0000000000000010, RSI=0x0000000000000000, RDI=0x0000000000000010
R8 =0x0000000000000000, R9 =0x0000000000000002, R10=0x00007f588429ec8f, R11=0x000000062f2c2b20
R12=0x0000000000000000, R13=0x00007f588754ddf0, R14=0x00007f59103fe6c8, R15=0x00007f590c02b710
RIP=0x00007f588426cb4a, EFLAGS=0x0000000000010202, CSGSFS=0x002b000000000033, ERR=0x0000000000000004
  TRAPNO=0x000000000000000e

XMM[0]=0x0000000000000000 0x0000000000000000
XMM[1]=0x0000000000000000 0x0000000000ffffff
XMM[2]=0x0000002575730500 0x01785f6200746e6f
XMM[3]=0x0000000000000000 0x0000000000746e6f
XMM[4]=0x0000000000000025 0x7573050001785f62
XMM[5]=0xe1ff384b8b480824 0x4489487024448b48
XMM[6]=0x1824448948682444 0x8b20247c8928244c
XMM[7]=0x0000000000000000 0x4059000000000000
XMM[8]=0xfac5502454895824 0x7489485060ec8348
XMM[9]=0xece7f2b4ece7f2b4 0xece7f2b453bcbd67
XMM[10]=0x0000000000000000 0x0000000066d4cab3
XMM[11]=0xff476499ff476499 0xff47649953042200
XMM[12]=0x0000000000000000 0x0000000053bcbd67
XMM[13]=0x0000000000000000 0x00ff003000300030
XMM[14]=0x0000000000000000 0x405d000000000000
XMM[15]=0x0000000000000000 0x404b9079a9d26052
  MXCSR=0x00001fa2


Register to memory mapping:

RAX=0x0000000000000014 is an unknown value
RBX=0x00007f590ca04100 points into unknown readable memory: 0x0000000000000000 | 00 00 00 00 00 00 00 00
RCX=0x0000000000000010 is an unknown value
RDX=0x00007f588429ec8f: <offset 0x0000000000082c8f> in /tmp/lwjgl_emn4tor/3.3.4+7/x64/liblwjgl_stb.so at 0x00007f588421c000
RSP=0x00007f59103fe578 is pointing into the stack for thread: 0x00007f590c02b710
RBP=0x0000000000000010 is an unknown value
RSI=0x0 is null
RDI=0x0000000000000010 is an unknown value
R8 =0x0 is null
R9 =0x0000000000000002 is an unknown value
R10=0x00007f588429ec8f: <offset 0x0000000000082c8f> in /tmp/lwjgl_emn4tor/3.3.4+7/x64/liblwjgl_stb.so at 0x00007f588421c000
R11=0x000000062f2c2b20 is an oop: java.lang.Class 
{0x000000062f2c2b20} - klass: 'java/lang/Class'
 - ---- fields (total size 41 words):
 - private volatile transient 'classRedefinedCount' 'I' @12  0 (0x00000000)
 - injected 'klass' 'J' @16  140018282758704 (0x00007f588c018230)
 - injected 'array_klass' 'J' @24  0 (0x0000000000000000)
 - injected 'oop_size' 'I' @32  41 (0x00000029)
 - injected 'static_oop_field_count' 'I' @36  0 (0x00000000)
 - private volatile transient 'cachedConstructor' 'Ljava/lang/reflect/Constructor;' @40  null (0x00000000)
 - private transient 'name' 'Ljava/lang/String;' @44  "org.lwjgl.stb.STBTruetype"{0x000000062f2c2c78} (0xc5e5858f)
 - private transient 'module' 'Ljava/lang/Module;' @48  a 'java/lang/Module'{0x00000007ffced190} (0xfff9da32)
 - private final 'classLoader' 'Ljava/lang/ClassLoader;' @52  a 'jdk/internal/loader/ClassLoaders$AppClassLoader'{0x00000007ffced128} (0xfff9da25)
 - private transient 'classData' 'Ljava/lang/Object;' @56  null (0x00000000)
 - private transient 'packageName' 'Ljava/lang/String;' @60  "org.lwjgl.stb"{0x000000062f280980} (0xc5e50130)
 - private final 'componentType' 'Ljava/lang/Class;' @64  null (0x00000000)
 - private volatile transient 'reflectionData' 'Ljava/lang/ref/SoftReference;' @68  null (0x00000000)
 - private volatile transient 'genericInfo' 'Lsun/reflect/generics/repository/ClassRepository;' @72  null (0x00000000)
 - private volatile transient 'enumConstants' '[Ljava/lang/Object;' @76  null (0x00000000)
 - private volatile transient 'enumConstantDirectory' 'Ljava/util/Map;' @80  null (0x00000000)
 - private volatile transient 'annotationData' 'Ljava/lang/Class$AnnotationData;' @84  null (0x00000000)
 - private volatile transient 'annotationType' 'Lsun/reflect/annotation/AnnotationType;' @88  null (0x00000000)
 - transient 'classValueMap' 'Ljava/lang/ClassValue$ClassValueMap;' @92  null (0x00000000)
 - injected 'protection_domain' 'Ljava/lang/Object;' @96  a 'java/security/ProtectionDomain'{0x000000062f2872d0} (0xc5e50e5a)
 - injected 'signers_name' 'Ljava/lang/Object;' @100  null (0x00000000)
 - injected 'source_file' 'Ljava/lang/Object;' @104  null (0x00000000)
 - injected '<init_lock>' 'Ljava/lang/Object;' @108  null (0x00000000)
 - signature: Lorg/lwjgl/stb/STBTruetype;
 - ---- static fields (0):
 - public static final 'STBTT_vmove' 'B' @320  1 (0x01)
 - public static final 'STBTT_vline' 'B' @321  2 (0x02)
 - public static final 'STBTT_vcurve' 'B' @322  3 (0x03)
 - public static final 'STBTT_vcubic' 'B' @323  4 (0x04)
 - public static final 'STBTT_MACSTYLE_DONTCARE' 'I' @112  0 (0x00000000)
 - public static final 'STBTT_MACSTYLE_BOLD' 'I' @116  1 (0x00000001)
 - public static final 'STBTT_MACSTYLE_ITALIC' 'I' @120  2 (0x00000002)
 - public static final 'STBTT_MACSTYLE_UNDERSCORE' 'I' @124  4 (0x00000004)
 - public static final 'STBTT_MACSTYLE_NONE' 'I' @128  8 (0x00000008)
 - public static final 'STBTT_PLATFORM_ID_UNICODE' 'I' @132  0 (0x00000000)
 - public static final 'STBTT_PLATFORM_ID_MAC' 'I' @136  1 (0x00000001)
 - public static final 'STBTT_PLATFORM_ID_ISO' 'I' @140  2 (0x00000002)
 - public static final 'STBTT_PLATFORM_ID_MICROSOFT' 'I' @144  3 (0x00000003)
 - public static final 'STBTT_UNICODE_EID_UNICODE_1_0' 'I' @148  0 (0x00000000)
 - public static final 'STBTT_UNICODE_EID_UNICODE_1_1' 'I' @152  1 (0x00000001)
 - public static final 'STBTT_UNICODE_EID_ISO_10646' 'I' @156  2 (0x00000002)
 - public static final 'STBTT_UNICODE_EID_UNICODE_2_0_BMP' 'I' @160  3 (0x00000003)
 - public static final 'STBTT_UNICODE_EID_UNICODE_2_0_FULL' 'I' @164  4 (0x00000004)
 - public static final 'STBTT_MS_EID_SYMBOL' 'I' @168  0 (0x00000000)
 - public static final 'STBTT_MS_EID_UNICODE_BMP' 'I' @172  1 (0x00000001)
 - public static final 'STBTT_MS_EID_SHIFTJIS' 'I' @176  2 (0x00000002)
 - public static final 'STBTT_MS_EID_UNICODE_FULL' 'I' @180  10 (0x0000000a)
 - public static final 'STBTT_MAC_EID_ROMAN' 'I' @184  0 (0x00000000)
 - public static final 'STBTT_MAC_EID_JAPANESE' 'I' @188  1 (0x00000001)
 - public static final 'STBTT_MAC_EID_CHINESE_TRAD' 'I' @192  2 (0x00000002)
 - public static final 'STBTT_MAC_EID_KOREAN' 'I' @196  3 (0x00000003)
 - public static final 'STBTT_MAC_EID_ARABIC' 'I' @200  4 (0x00000004)
 - public static final 'STBTT_MAC_EID_HEBREW' 'I' @204  5 (0x00000005)
 - public static final 'STBTT_MAC_EID_GREEK' 'I' @208  6 (0x00000006)
 - public static final 'STBTT_MAC_EID_RUSSIAN' 'I' @212  7 (0x00000007)
 - public static final 'STBTT_MS_LANG_ENGLISH' 'I' @216  1033 (0x00000409)
 - public static final 'STBTT_MS_LANG_CHINESE' 'I' @220  2052 (0x00000804)
 - public static final 'STBTT_MS_LANG_DUTCH' 'I' @224  1043 (0x00000413)
 - public static final 'STBTT_MS_LANG_FRENCH' 'I' @228  1036 (0x0000040c)
 - public static final 'STBTT_MS_LANG_GERMAN' 'I' @232  1031 (0x00000407)
 - public static final 'STBTT_MS_LANG_HEBREW' 'I' @236  1037 (0x0000040d)
 - public static final 'STBTT_MS_LANG_ITALIAN' 'I' @240  1040 (0x00000410)
 - public static final 'STBTT_MS_LANG_JAPANESE' 'I' @244  1041 (0x00000411)
 - public static final 'STBTT_MS_LANG_KOREAN' 'I' @248  1042 (0x00000412)
 - public static final 'STBTT_MS_LANG_RUSSIAN' 'I' @252  1049 (0x00000419)
 - public static final 'STBTT_MS_LANG_SPANISH' 'I' @256  1033 (0x00000409)
 - public static final 'STBTT_MS_LANG_SWEDISH' 'I' @260  1053 (0x0000041d)
 - public static final 'STBTT_MAC_LANG_ENGLISH' 'I' @264  0 (0x00000000)
 - public static final 'STBTT_MAC_LANG_ARABIC' 'I' @268  12 (0x0000000c)
 - public static final 'STBTT_MAC_LANG_DUTCH' 'I' @272  4 (0x00000004)
 - public static final 'STBTT_MAC_LANG_FRENCH' 'I' @276  1 (0x00000001)
 - public static final 'STBTT_MAC_LANG_GERMAN' 'I' @280  2 (0x00000002)
 - public static final 'STBTT_MAC_LANG_HEBREW' 'I' @284  10 (0x0000000a)
 - public static final 'STBTT_MAC_LANG_ITALIAN' 'I' @288  3 (0x00000003)
 - public static final 'STBTT_MAC_LANG_JAPANESE' 'I' @292  11 (0x0000000b)
 - public static final 'STBTT_MAC_LANG_KOREAN' 'I' @296  23 (0x00000017)
 - public static final 'STBTT_MAC_LANG_RUSSIAN' 'I' @300  32 (0x00000020)
 - public static final 'STBTT_MAC_LANG_SPANISH' 'I' @304  6 (0x00000006)
 - public static final 'STBTT_MAC_LANG_SWEDISH' 'I' @308  5 (0x00000005)
 - public static final 'STBTT_MAC_LANG_CHINESE_SIMPLIFIED' 'I' @312  33 (0x00000021)
 - public static final 'STBTT_MAC_LANG_CHINESE_TRAD' 'I' @316  19 (0x00000013)
R12=0x0 is null
R13={method} {0x00007f588754ddf0} 'nstbtt_InitFont' '(JJI)I' in 'org/lwjgl/stb/STBTruetype'
R14=0x00007f59103fe6c8 is pointing into the stack for thread: 0x00007f590c02b710
R15=0x00007f590c02b710 is a thread

Top of Stack: (sp=0x00007f59103fe578)
0x00007f59103fe578:   00007f588426cda0 00007f59103fe6a8
0x00007f59103fe588:   00007f590c02b710 00007f59103fe5c0
0x00007f59103fe598:   00007f590c003450 00007f59103fe6c8
0x00007f59103fe5a8:   00007f590c02b710 00007f59103fe5f0
0x00007f59103fe5b8:   00007f5910d0b364 00007f588754ddf0
0x00007f59103fe5c8:   00007f590c02b710 0000000000000000
0x00007f59103fe5d8:   00007f588754ddf0 00007f59103fe688
0x00007f59103fe5e8:   0000000000000000 00007f588754ddf0
0x00007f59103fe5f8:   00007f59103fe6c8 00007f590c02b710
0x00007f59103fe608:   00007f58fb543ac0 0000000000000000
0x00007f59103fe618:   00007f588754ddf0 00007f59103fe688
0x00007f59103fe628:   00007f58fb543797 0000000000000000
0x00007f59103fe638:   00007f58fb54375f 00007f59103fe640
0x00007f59103fe648:   00007f588754ddf0 0000000000000008
0x00007f59103fe658:   00007f5887558000 0000000000000000
0x00007f59103fe668:   000000062f2c2b20 00007f588754ddf0
0x00007f59103fe678:   0000000000000000 00007f59103fe6a8
0x00007f59103fe688:   00007f59103fe718 00007f58fb53f2a8
0x00007f59103fe698:   000000062f2c2b20 00007f58fb540fd5
0x00007f59103fe6a8:   0000000000000000 0000000000000010
0x00007f59103fe6b8:   0000000000000000 00007f590ca04100
0x00007f59103fe6c8:   0000000000000000 00007f59103fe6d0
0x00007f59103fe6d8:   00007f588754dfc1 0000000000000003
0x00007f59103fe6e8:   00007f5887558000 0000000000000000
0x00007f59103fe6f8:   000000062f2c2b20 00007f588754e000
0x00007f59103fe708:   00007f59103fe6a8 00007f59103fe728
0x00007f59103fe718:   00007f59103fe780 00007f58fb53f2a8
0x00007f59103fe728:   000000062f27f8d8 000000062f2a03d0
0x00007f59103fe738:   00007f59103fe738 00007f588757cec1
0x00007f59103fe748:   0000000000000008 00007f588757d6a0
0x00007f59103fe758:   0000000000000000 000000062f27da60
0x00007f59103fe768:   00007f588757d018 00007f59103fe728 

Instructions: (pc=0x00007f588426cb4a)
0x00007f588426ca4a:   c1 e7 08 44 39 c2 0f 8e bd 00 00 00 4d 63 c0 83
0x00007f588426ca5a:   c6 04 42 0f b6 1c 01 09 fb c1 e3 08 39 f2 0f 8e
0x00007f588426ca6a:   1b fd ff ff 48 63 f6 0f b6 14 31 09 d3 e9 0d fd
0x00007f588426ca7a:   ff ff 44 39 c2 0f 8e be fd ff ff 4d 63 c0 44 8d
0x00007f588426ca8a:   4e 02 42 0f b6 04 01 41 89 c0 41 c1 e0 08 44 39
0x00007f588426ca9a:   ca 0f 8e 84 00 00 00 4d 63 c9 8d 7e 03 42 0f b6
0x00007f588426caaa:   04 09 44 09 c0 41 89 c0 41 c1 e0 08 39 fa 7e 63
0x00007f588426caba:   48 63 ff 83 c6 04 0f b6 04 39 44 09 c0 c1 e0 08
0x00007f588426caca:   39 f2 0f 8e e3 fd ff ff 48 63 f6 0f b6 14 31 09
0x00007f588426cada:   d0 e9 d5 fd ff ff 44 39 c2 0f 8e 5a fd ff ff 4d
0x00007f588426caea:   63 c0 83 c6 02 42 0f b6 04 01 c1 e0 08 39 f2 7f
0x00007f588426cafa:   d7 e9 b5 fd ff ff 44 89 c6 c1 e0 10 c1 e0 08 e9
0x00007f588426cb0a:   22 fc ff ff 31 ff c1 e7 10 89 fb c1 e3 08 e9 6c
0x00007f588426cb1a:   fc ff ff c1 e0 10 e9 90 fd ff ff c1 e0 18 e9 88
0x00007f588426cb2a:   fd ff ff 44 89 c6 e9 fb fb ff ff 66 66 2e 0f 1f
0x00007f588426cb3a:   84 00 00 00 00 00 89 f0 49 89 d2 48 8d 44 07 04
0x00007f588426cb4a:   44 0f b6 00 0f b6 40 01 41 c1 e0 08 41 01 c0 8d
0x00007f588426cb5a:   46 0c 45 0f b7 c0 45 85 c0 74 7b 44 0f be 0a 31
0x00007f588426cb6a:   d2 eb 0e 0f 1f 00 83 c2 01 83 c0 10 41 39 d0 74
0x00007f588426cb7a:   65 89 c1 0f b6 34 0f 44 39 ce 75 ea 44 0f b6 5c
0x00007f588426cb8a:   0f 01 41 0f be 72 01 41 39 f3 75 da 44 0f b6 5c
0x00007f588426cb9a:   0f 02 41 0f be 72 02 41 39 f3 75 ca 44 0f b6 5c
0x00007f588426cbaa:   0f 03 41 0f be 72 03 41 39 f3 75 ba 48 8d 54 0f
0x00007f588426cbba:   08 0f b6 02 0f b6 4a 01 c1 e0 18 c1 e1 10 01 c8
0x00007f588426cbca:   0f b6 4a 02 0f b6 52 03 c1 e1 08 01 c8 01 d0 c3
0x00007f588426cbda:   66 0f 1f 44 00 00 31 c0 c3 66 66 2e 0f 1f 84 00
0x00007f588426cbea:   00 00 00 00 66 90 0f b6 0f 48 89 f8 89 f2 80 f9
0x00007f588426cbfa:   31 0f 84 0f 01 00 00 80 f9 74 0f 85 be 00 00 00
0x00007f588426cc0a:   0f b6 4f 01 80 f9 79 0f 84 11 01 00 00 80 f9 72
0x00007f588426cc1a:   0f 84 20 01 00 00 80 f9 74 0f 85 dd 00 00 00 80
0x00007f588426cc2a:   7f 02 63 0f 85 d3 00 00 00 80 7f 03 66 0f 85 c9
0x00007f588426cc3a:   00 00 00 0f b6 4f 04 0f b6 77 05 c1 e1 18 c1 e6 


Stack slot to memory mapping:

stack at sp + 0 slots: 0x00007f588426cda0: <offset 0x0000000000050da0> in /tmp/lwjgl_emn4tor/3.3.4+7/x64/liblwjgl_stb.so at 0x00007f588421c000
stack at sp + 1 slots: 0x00007f59103fe6a8 is pointing into the stack for thread: 0x00007f590c02b710
stack at sp + 2 slots: 0x00007f590c02b710 is a thread
stack at sp + 3 slots: 0x00007f59103fe5c0 is pointing into the stack for thread: 0x00007f590c02b710
stack at sp + 4 slots: 0x00007f590c003450 points into unknown readable memory: 0x0000004000000001 | 01 00 00 00 40 00 00 00
stack at sp + 5 slots: 0x00007f59103fe6c8 is pointing into the stack for thread: 0x00007f590c02b710
stack at sp + 6 slots: 0x00007f590c02b710 is a thread
stack at sp + 7 slots: 0x00007f59103fe5f0 is pointing into the stack for thread: 0x00007f590c02b710


---------------  P R O C E S S  ---------------

Threads class SMR info:
_java_thread_list=0x00007f5860062cf0, length=11, elements={
0x00007f590c02b710, 0x00007f590c13b500, 0x00007f590c13cb80, 0x00007f590c13e300,
0x00007f590c13f930, 0x00007f590c140ec0, 0x00007f590c1429f0, 0x00007f590c1440a0,
0x00007f590c150570, 0x00007f590c1536a0, 0x00007f5860061b40
}

Java Threads: ( => current thread )
=>0x00007f590c02b710 JavaThread "main"                              [_thread_in_native, id=295163, stack(0x00007f5910300000,0x00007f5910400000) (1024K)]
  0x00007f590c13b500 JavaThread "Reference Handler"          daemon [_thread_blocked, id=295172, stack(0x00007f58e8c10000,0x00007f58e8d10000) (1024K)]
  0x00007f590c13cb80 JavaThread "Finalizer"                  daemon [_thread_blocked, id=295173, stack(0x00007f58e8700000,0x00007f58e8800000) (1024K)]
  0x00007f590c13e300 JavaThread "Signal Dispatcher"          daemon [_thread_blocked, id=295174, stack(0x00007f58e85ff000,0x00007f58e86ff000) (1024K)]
  0x00007f590c13f930 JavaThread "Service Thread"             daemon [_thread_blocked, id=295175, stack(0x00007f58e84fe000,0x00007f58e85fe000) (1024K)]
  0x00007f590c140ec0 JavaThread "Monitor Deflation Thread"   daemon [_thread_blocked, id=295176, stack(0x00007f58e83fd000,0x00007f58e84fd000) (1024K)]
  0x00007f590c1429f0 JavaThread "C2 CompilerThread0"         daemon [_thread_blocked, id=295177, stack(0x00007f58e82fc000,0x00007f58e83fc000) (1024K)]
  0x00007f590c1440a0 JavaThread "C1 CompilerThread0"         daemon [_thread_blocked, id=295178, stack(0x00007f58e81fb000,0x00007f58e82fb000) (1024K)]
  0x00007f590c150570 JavaThread "Notification Thread"        daemon [_thread_blocked, id=295179, stack(0x00007f58e80fa000,0x00007f58e81fa000) (1024K)]
  0x00007f590c1536a0 JavaThread "Common-Cleaner"             daemon [_thread_blocked, id=295180, stack(0x00007f58d9f00000,0x00007f58da000000) (1024K)]
  0x00007f5860061b40 JavaThread "C2 CompilerThread1"         daemon [_thread_blocked, id=295181, stack(0x00007f58d9b00000,0x00007f58d9c00000) (1024K)]
Total: 11

Other Threads:
  0x00007f590c131180 VMThread "VM Thread"                           [id=295171, stack(0x00007f58e8d11000,0x00007f58e8e11000) (1024K)]
  0x00007f590c11f2e0 WatcherThread "VM Periodic Task Thread"        [id=295170, stack(0x00007f58e8e12000,0x00007f58e8f12000) (1024K)]
  0x00007f590c056960 WorkerThread "GC Thread#0"                     [id=295164, stack(0x00007f58e9d21000,0x00007f58e9e21000) (1024K)]
  0x00007f590c067740 ConcurrentGCThread "G1 Main Marker"            [id=295165, stack(0x00007f58e9c20000,0x00007f58e9d20000) (1024K)]
  0x00007f590c0686e0 WorkerThread "G1 Conc#0"                       [id=295166, stack(0x00007f58e9b1f000,0x00007f58e9c1f000) (1024K)]
  0x00007f590c104370 ConcurrentGCThread "G1 Refine#0"               [id=295167, stack(0x00007f58e9014000,0x00007f58e9114000) (1024K)]
  0x00007f590c105320 ConcurrentGCThread "G1 Service"                [id=295168, stack(0x00007f58e8f13000,0x00007f58e9013000) (1024K)]
Total: 7

Threads with active compile tasks:
Total: 0

VM state: not at safepoint (normal execution)

VM Mutex/Monitor currently owned by a thread: None

Heap address: 0x0000000610800000, size: 7928 MB, Compressed Oops mode: Zero based, Oop shift amount: 3

CDS archive(s) mapped at: [0x00007f588b000000-0x00007f588bca0000-0x00007f588bca0000), size 13238272, SharedBaseAddress: 0x00007f588b000000, ArchiveRelocationMode: 1.
Compressed class space mapped at: 0x00007f588c000000-0x00007f58cc000000, reserved size: 1073741824
Narrow klass base: 0x00007f588b000000, Narrow klass shift: 0, Narrow klass range: 0x100000000

GC Precious Log:
 CardTable entry size: 512
 Card Set container configuration: InlinePtr #cards 4 size 8 Array Of Cards #cards 32 size 80 Howl #buckets 8 coarsen threshold 7372 Howl Bitmap #cards 1024 size 144 coarsen threshold 921 Card regions per heap region 1 cards per card region 8192
 CPUs: 12 total, 12 available
 Memory: 31701M
 Large Page Support: Disabled
 NUMA Support: Disabled
 Compressed Oops: Enabled (Zero based)
 Heap Region Size: 4M
 Heap Min Capacity: 8M
 Heap Initial Capacity: 496M
 Heap Max Capacity: 7928M
 Pre-touch: Disabled
 Parallel Workers: 10
 Concurrent Workers: 3
 Concurrent Refinement Workers: 10
 Periodic GC: Disabled

Heap:
 garbage-first heap   total 512000K, used 5169K [0x0000000610800000, 0x0000000800000000)
  region size 4096K, 2 young (8192K), 0 survivors (0K)
 Metaspace       used 3109K, committed 3264K, reserved 1114112K
  class space    used 199K, committed 256K, reserved 1048576K

Heap Regions: E=young(eden), S=young(survivor), O=old, HS=humongous(starts), HC=humongous(continues), CS=collection set, F=free, TAMS=top-at-mark-start, PB=parsable bottom
|   0|0x0000000610800000, 0x0000000610800000, 0x0000000610c00000|  0%| F|  |TAMS 0x0000000610800000| PB 0x0000000610800000| Untracked 
|   1|0x0000000610c00000, 0x0000000610c00000, 0x0000000611000000|  0%| F|  |TAMS 0x0000000610c00000| PB 0x0000000610c00000| Untracked 
|   2|0x0000000611000000, 0x0000000611000000, 0x0000000611400000|  0%| F|  |TAMS 0x0000000611000000| PB 0x0000000611000000| Untracked 
|   3|0x0000000611400000, 0x0000000611400000, 0x0000000611800000|  0%| F|  |TAMS 0x0000000611400000| PB 0x0000000611400000| Untracked 
|   4|0x0000000611800000, 0x0000000611800000, 0x0000000611c00000|  0%| F|  |TAMS 0x0000000611800000| PB 0x0000000611800000| Untracked 
|   5|0x0000000611c00000, 0x0000000611c00000, 0x0000000612000000|  0%| F|  |TAMS 0x0000000611c00000| PB 0x0000000611c00000| Untracked 
|   6|0x0000000612000000, 0x0000000612000000, 0x0000000612400000|  0%| F|  |TAMS 0x0000000612000000| PB 0x0000000612000000| Untracked 
|   7|0x0000000612400000, 0x0000000612400000, 0x0000000612800000|  0%| F|  |TAMS 0x0000000612400000| PB 0x0000000612400000| Untracked 
|   8|0x0000000612800000, 0x0000000612800000, 0x0000000612c00000|  0%| F|  |TAMS 0x0000000612800000| PB 0x0000000612800000| Untracked 
|   9|0x0000000612c00000, 0x0000000612c00000, 0x0000000613000000|  0%| F|  |TAMS 0x0000000612c00000| PB 0x0000000612c00000| Untracked 
|  10|0x0000000613000000, 0x0000000613000000, 0x0000000613400000|  0%| F|  |TAMS 0x0000000613000000| PB 0x0000000613000000| Untracked 
|  11|0x0000000613400000, 0x0000000613400000, 0x0000000613800000|  0%| F|  |TAMS 0x0000000613400000| PB 0x0000000613400000| Untracked 
|  12|0x0000000613800000, 0x0000000613800000, 0x0000000613c00000|  0%| F|  |TAMS 0x0000000613800000| PB 0x0000000613800000| Untracked 
|  13|0x0000000613c00000, 0x0000000613c00000, 0x0000000614000000|  0%| F|  |TAMS 0x0000000613c00000| PB 0x0000000613c00000| Untracked 
|  14|0x0000000614000000, 0x0000000614000000, 0x0000000614400000|  0%| F|  |TAMS 0x0000000614000000| PB 0x0000000614000000| Untracked 
|  15|0x0000000614400000, 0x0000000614400000, 0x0000000614800000|  0%| F|  |TAMS 0x0000000614400000| PB 0x0000000614400000| Untracked 
|  16|0x0000000614800000, 0x0000000614800000, 0x0000000614c00000|  0%| F|  |TAMS 0x0000000614800000| PB 0x0000000614800000| Untracked 
|  17|0x0000000614c00000, 0x0000000614c00000, 0x0000000615000000|  0%| F|  |TAMS 0x0000000614c00000| PB 0x0000000614c00000| Untracked 
|  18|0x0000000615000000, 0x0000000615000000, 0x0000000615400000|  0%| F|  |TAMS 0x0000000615000000| PB 0x0000000615000000| Untracked 
|  19|0x0000000615400000, 0x0000000615400000, 0x0000000615800000|  0%| F|  |TAMS 0x0000000615400000| PB 0x0000000615400000| Untracked 
|  20|0x0000000615800000, 0x0000000615800000, 0x0000000615c00000|  0%| F|  |TAMS 0x0000000615800000| PB 0x0000000615800000| Untracked 
|  21|0x0000000615c00000, 0x0000000615c00000, 0x0000000616000000|  0%| F|  |TAMS 0x0000000615c00000| PB 0x0000000615c00000| Untracked 
|  22|0x0000000616000000, 0x0000000616000000, 0x0000000616400000|  0%| F|  |TAMS 0x0000000616000000| PB 0x0000000616000000| Untracked 
|  23|0x0000000616400000, 0x0000000616400000, 0x0000000616800000|  0%| F|  |TAMS 0x0000000616400000| PB 0x0000000616400000| Untracked 
|  24|0x0000000616800000, 0x0000000616800000, 0x0000000616c00000|  0%| F|  |TAMS 0x0000000616800000| PB 0x0000000616800000| Untracked 
|  25|0x0000000616c00000, 0x0000000616c00000, 0x0000000617000000|  0%| F|  |TAMS 0x0000000616c00000| PB 0x0000000616c00000| Untracked 
|  26|0x0000000617000000, 0x0000000617000000, 0x0000000617400000|  0%| F|  |TAMS 0x0000000617000000| PB 0x0000000617000000| Untracked 
|  27|0x0000000617400000, 0x0000000617400000, 0x0000000617800000|  0%| F|  |TAMS 0x0000000617400000| PB 0x0000000617400000| Untracked 
|  28|0x0000000617800000, 0x0000000617800000, 0x0000000617c00000|  0%| F|  |TAMS 0x0000000617800000| PB 0x0000000617800000| Untracked 
|  29|0x0000000617c00000, 0x0000000617c00000, 0x0000000618000000|  0%| F|  |TAMS 0x0000000617c00000| PB 0x0000000617c00000| Untracked 
|  30|0x0000000618000000, 0x0000000618000000, 0x0000000618400000|  0%| F|  |TAMS 0x0000000618000000| PB 0x0000000618000000| Untracked 
|  31|0x0000000618400000, 0x0000000618400000, 0x0000000618800000|  0%| F|  |TAMS 0x0000000618400000| PB 0x0000000618400000| Untracked 
|  32|0x0000000618800000, 0x0000000618800000, 0x0000000618c00000|  0%| F|  |TAMS 0x0000000618800000| PB 0x0000000618800000| Untracked 
|  33|0x0000000618c00000, 0x0000000618c00000, 0x0000000619000000|  0%| F|  |TAMS 0x0000000618c00000| PB 0x0000000618c00000| Untracked 
|  34|0x0000000619000000, 0x0000000619000000, 0x0000000619400000|  0%| F|  |TAMS 0x0000000619000000| PB 0x0000000619000000| Untracked 
|  35|0x0000000619400000, 0x0000000619400000, 0x0000000619800000|  0%| F|  |TAMS 0x0000000619400000| PB 0x0000000619400000| Untracked 
|  36|0x0000000619800000, 0x0000000619800000, 0x0000000619c00000|  0%| F|  |TAMS 0x0000000619800000| PB 0x0000000619800000| Untracked 
|  37|0x0000000619c00000, 0x0000000619c00000, 0x000000061a000000|  0%| F|  |TAMS 0x0000000619c00000| PB 0x0000000619c00000| Untracked 
|  38|0x000000061a000000, 0x000000061a000000, 0x000000061a400000|  0%| F|  |TAMS 0x000000061a000000| PB 0x000000061a000000| Untracked 
|  39|0x000000061a400000, 0x000000061a400000, 0x000000061a800000|  0%| F|  |TAMS 0x000000061a400000| PB 0x000000061a400000| Untracked 
|  40|0x000000061a800000, 0x000000061a800000, 0x000000061ac00000|  0%| F|  |TAMS 0x000000061a800000| PB 0x000000061a800000| Untracked 
|  41|0x000000061ac00000, 0x000000061ac00000, 0x000000061b000000|  0%| F|  |TAMS 0x000000061ac00000| PB 0x000000061ac00000| Untracked 
|  42|0x000000061b000000, 0x000000061b000000, 0x000000061b400000|  0%| F|  |TAMS 0x000000061b000000| PB 0x000000061b000000| Untracked 
|  43|0x000000061b400000, 0x000000061b400000, 0x000000061b800000|  0%| F|  |TAMS 0x000000061b400000| PB 0x000000061b400000| Untracked 
|  44|0x000000061b800000, 0x000000061b800000, 0x000000061bc00000|  0%| F|  |TAMS 0x000000061b800000| PB 0x000000061b800000| Untracked 
|  45|0x000000061bc00000, 0x000000061bc00000, 0x000000061c000000|  0%| F|  |TAMS 0x000000061bc00000| PB 0x000000061bc00000| Untracked 
|  46|0x000000061c000000, 0x000000061c000000, 0x000000061c400000|  0%| F|  |TAMS 0x000000061c000000| PB 0x000000061c000000| Untracked 
|  47|0x000000061c400000, 0x000000061c400000, 0x000000061c800000|  0%| F|  |TAMS 0x000000061c400000| PB 0x000000061c400000| Untracked 
|  48|0x000000061c800000, 0x000000061c800000, 0x000000061cc00000|  0%| F|  |TAMS 0x000000061c800000| PB 0x000000061c800000| Untracked 
|  49|0x000000061cc00000, 0x000000061cc00000, 0x000000061d000000|  0%| F|  |TAMS 0x000000061cc00000| PB 0x000000061cc00000| Untracked 
|  50|0x000000061d000000, 0x000000061d000000, 0x000000061d400000|  0%| F|  |TAMS 0x000000061d000000| PB 0x000000061d000000| Untracked 
|  51|0x000000061d400000, 0x000000061d400000, 0x000000061d800000|  0%| F|  |TAMS 0x000000061d400000| PB 0x000000061d400000| Untracked 
|  52|0x000000061d800000, 0x000000061d800000, 0x000000061dc00000|  0%| F|  |TAMS 0x000000061d800000| PB 0x000000061d800000| Untracked 
|  53|0x000000061dc00000, 0x000000061dc00000, 0x000000061e000000|  0%| F|  |TAMS 0x000000061dc00000| PB 0x000000061dc00000| Untracked 
|  54|0x000000061e000000, 0x000000061e000000, 0x000000061e400000|  0%| F|  |TAMS 0x000000061e000000| PB 0x000000061e000000| Untracked 
|  55|0x000000061e400000, 0x000000061e400000, 0x000000061e800000|  0%| F|  |TAMS 0x000000061e400000| PB 0x000000061e400000| Untracked 
|  56|0x000000061e800000, 0x000000061e800000, 0x000000061ec00000|  0%| F|  |TAMS 0x000000061e800000| PB 0x000000061e800000| Untracked 
|  57|0x000000061ec00000, 0x000000061ec00000, 0x000000061f000000|  0%| F|  |TAMS 0x000000061ec00000| PB 0x000000061ec00000| Untracked 
|  58|0x000000061f000000, 0x000000061f000000, 0x000000061f400000|  0%| F|  |TAMS 0x000000061f000000| PB 0x000000061f000000| Untracked 
|  59|0x000000061f400000, 0x000000061f400000, 0x000000061f800000|  0%| F|  |TAMS 0x000000061f400000| PB 0x000000061f400000| Untracked 
|  60|0x000000061f800000, 0x000000061f800000, 0x000000061fc00000|  0%| F|  |TAMS 0x000000061f800000| PB 0x000000061f800000| Untracked 
|  61|0x000000061fc00000, 0x000000061fc00000, 0x0000000620000000|  0%| F|  |TAMS 0x000000061fc00000| PB 0x000000061fc00000| Untracked 
|  62|0x0000000620000000, 0x0000000620000000, 0x0000000620400000|  0%| F|  |TAMS 0x0000000620000000| PB 0x0000000620000000| Untracked 
|  63|0x0000000620400000, 0x0000000620400000, 0x0000000620800000|  0%| F|  |TAMS 0x0000000620400000| PB 0x0000000620400000| Untracked 
|  64|0x0000000620800000, 0x0000000620800000, 0x0000000620c00000|  0%| F|  |TAMS 0x0000000620800000| PB 0x0000000620800000| Untracked 
|  65|0x0000000620c00000, 0x0000000620c00000, 0x0000000621000000|  0%| F|  |TAMS 0x0000000620c00000| PB 0x0000000620c00000| Untracked 
|  66|0x0000000621000000, 0x0000000621000000, 0x0000000621400000|  0%| F|  |TAMS 0x0000000621000000| PB 0x0000000621000000| Untracked 
|  67|0x0000000621400000, 0x0000000621400000, 0x0000000621800000|  0%| F|  |TAMS 0x0000000621400000| PB 0x0000000621400000| Untracked 
|  68|0x0000000621800000, 0x0000000621800000, 0x0000000621c00000|  0%| F|  |TAMS 0x0000000621800000| PB 0x0000000621800000| Untracked 
|  69|0x0000000621c00000, 0x0000000621c00000, 0x0000000622000000|  0%| F|  |TAMS 0x0000000621c00000| PB 0x0000000621c00000| Untracked 
|  70|0x0000000622000000, 0x0000000622000000, 0x0000000622400000|  0%| F|  |TAMS 0x0000000622000000| PB 0x0000000622000000| Untracked 
|  71|0x0000000622400000, 0x0000000622400000, 0x0000000622800000|  0%| F|  |TAMS 0x0000000622400000| PB 0x0000000622400000| Untracked 
|  72|0x0000000622800000, 0x0000000622800000, 0x0000000622c00000|  0%| F|  |TAMS 0x0000000622800000| PB 0x0000000622800000| Untracked 
|  73|0x0000000622c00000, 0x0000000622c00000, 0x0000000623000000|  0%| F|  |TAMS 0x0000000622c00000| PB 0x0000000622c00000| Untracked 
|  74|0x0000000623000000, 0x0000000623000000, 0x0000000623400000|  0%| F|  |TAMS 0x0000000623000000| PB 0x0000000623000000| Untracked 
|  75|0x0000000623400000, 0x0000000623400000, 0x0000000623800000|  0%| F|  |TAMS 0x0000000623400000| PB 0x0000000623400000| Untracked 
|  76|0x0000000623800000, 0x0000000623800000, 0x0000000623c00000|  0%| F|  |TAMS 0x0000000623800000| PB 0x0000000623800000| Untracked 
|  77|0x0000000623c00000, 0x0000000623c00000, 0x0000000624000000|  0%| F|  |TAMS 0x0000000623c00000| PB 0x0000000623c00000| Untracked 
|  78|0x0000000624000000, 0x0000000624000000, 0x0000000624400000|  0%| F|  |TAMS 0x0000000624000000| PB 0x0000000624000000| Untracked 
|  79|0x0000000624400000, 0x0000000624400000, 0x0000000624800000|  0%| F|  |TAMS 0x0000000624400000| PB 0x0000000624400000| Untracked 
|  80|0x0000000624800000, 0x0000000624800000, 0x0000000624c00000|  0%| F|  |TAMS 0x0000000624800000| PB 0x0000000624800000| Untracked 
|  81|0x0000000624c00000, 0x0000000624c00000, 0x0000000625000000|  0%| F|  |TAMS 0x0000000624c00000| PB 0x0000000624c00000| Untracked 
|  82|0x0000000625000000, 0x0000000625000000, 0x0000000625400000|  0%| F|  |TAMS 0x0000000625000000| PB 0x0000000625000000| Untracked 
|  83|0x0000000625400000, 0x0000000625400000, 0x0000000625800000|  0%| F|  |TAMS 0x0000000625400000| PB 0x0000000625400000| Untracked 
|  84|0x0000000625800000, 0x0000000625800000, 0x0000000625c00000|  0%| F|  |TAMS 0x0000000625800000| PB 0x0000000625800000| Untracked 
|  85|0x0000000625c00000, 0x0000000625c00000, 0x0000000626000000|  0%| F|  |TAMS 0x0000000625c00000| PB 0x0000000625c00000| Untracked 
|  86|0x0000000626000000, 0x0000000626000000, 0x0000000626400000|  0%| F|  |TAMS 0x0000000626000000| PB 0x0000000626000000| Untracked 
|  87|0x0000000626400000, 0x0000000626400000, 0x0000000626800000|  0%| F|  |TAMS 0x0000000626400000| PB 0x0000000626400000| Untracked 
|  88|0x0000000626800000, 0x0000000626800000, 0x0000000626c00000|  0%| F|  |TAMS 0x0000000626800000| PB 0x0000000626800000| Untracked 
|  89|0x0000000626c00000, 0x0000000626c00000, 0x0000000627000000|  0%| F|  |TAMS 0x0000000626c00000| PB 0x0000000626c00000| Untracked 
|  90|0x0000000627000000, 0x0000000627000000, 0x0000000627400000|  0%| F|  |TAMS 0x0000000627000000| PB 0x0000000627000000| Untracked 
|  91|0x0000000627400000, 0x0000000627400000, 0x0000000627800000|  0%| F|  |TAMS 0x0000000627400000| PB 0x0000000627400000| Untracked 
|  92|0x0000000627800000, 0x0000000627800000, 0x0000000627c00000|  0%| F|  |TAMS 0x0000000627800000| PB 0x0000000627800000| Untracked 
|  93|0x0000000627c00000, 0x0000000627c00000, 0x0000000628000000|  0%| F|  |TAMS 0x0000000627c00000| PB 0x0000000627c00000| Untracked 
|  94|0x0000000628000000, 0x0000000628000000, 0x0000000628400000|  0%| F|  |TAMS 0x0000000628000000| PB 0x0000000628000000| Untracked 
|  95|0x0000000628400000, 0x0000000628400000, 0x0000000628800000|  0%| F|  |TAMS 0x0000000628400000| PB 0x0000000628400000| Untracked 
|  96|0x0000000628800000, 0x0000000628800000, 0x0000000628c00000|  0%| F|  |TAMS 0x0000000628800000| PB 0x0000000628800000| Untracked 
|  97|0x0000000628c00000, 0x0000000628c00000, 0x0000000629000000|  0%| F|  |TAMS 0x0000000628c00000| PB 0x0000000628c00000| Untracked 
|  98|0x0000000629000000, 0x0000000629000000, 0x0000000629400000|  0%| F|  |TAMS 0x0000000629000000| PB 0x0000000629000000| Untracked 
|  99|0x0000000629400000, 0x0000000629400000, 0x0000000629800000|  0%| F|  |TAMS 0x0000000629400000| PB 0x0000000629400000| Untracked 
| 100|0x0000000629800000, 0x0000000629800000, 0x0000000629c00000|  0%| F|  |TAMS 0x0000000629800000| PB 0x0000000629800000| Untracked 
| 101|0x0000000629c00000, 0x0000000629c00000, 0x000000062a000000|  0%| F|  |TAMS 0x0000000629c00000| PB 0x0000000629c00000| Untracked 
| 102|0x000000062a000000, 0x000000062a000000, 0x000000062a400000|  0%| F|  |TAMS 0x000000062a000000| PB 0x000000062a000000| Untracked 
| 103|0x000000062a400000, 0x000000062a400000, 0x000000062a800000|  0%| F|  |TAMS 0x000000062a400000| PB 0x000000062a400000| Untracked 
| 104|0x000000062a800000, 0x000000062a800000, 0x000000062ac00000|  0%| F|  |TAMS 0x000000062a800000| PB 0x000000062a800000| Untracked 
| 105|0x000000062ac00000, 0x000000062ac00000, 0x000000062b000000|  0%| F|  |TAMS 0x000000062ac00000| PB 0x000000062ac00000| Untracked 
| 106|0x000000062b000000, 0x000000062b000000, 0x000000062b400000|  0%| F|  |TAMS 0x000000062b000000| PB 0x000000062b000000| Untracked 
| 107|0x000000062b400000, 0x000000062b400000, 0x000000062b800000|  0%| F|  |TAMS 0x000000062b400000| PB 0x000000062b400000| Untracked 
| 108|0x000000062b800000, 0x000000062b800000, 0x000000062bc00000|  0%| F|  |TAMS 0x000000062b800000| PB 0x000000062b800000| Untracked 
| 109|0x000000062bc00000, 0x000000062bc00000, 0x000000062c000000|  0%| F|  |TAMS 0x000000062bc00000| PB 0x000000062bc00000| Untracked 
| 110|0x000000062c000000, 0x000000062c000000, 0x000000062c400000|  0%| F|  |TAMS 0x000000062c000000| PB 0x000000062c000000| Untracked 
| 111|0x000000062c400000, 0x000000062c400000, 0x000000062c800000|  0%| F|  |TAMS 0x000000062c400000| PB 0x000000062c400000| Untracked 
| 112|0x000000062c800000, 0x000000062c800000, 0x000000062cc00000|  0%| F|  |TAMS 0x000000062c800000| PB 0x000000062c800000| Untracked 
| 113|0x000000062cc00000, 0x000000062cc00000, 0x000000062d000000|  0%| F|  |TAMS 0x000000062cc00000| PB 0x000000062cc00000| Untracked 
| 114|0x000000062d000000, 0x000000062d000000, 0x000000062d400000|  0%| F|  |TAMS 0x000000062d000000| PB 0x000000062d000000| Untracked 
| 115|0x000000062d400000, 0x000000062d400000, 0x000000062d800000|  0%| F|  |TAMS 0x000000062d400000| PB 0x000000062d400000| Untracked 
| 116|0x000000062d800000, 0x000000062d800000, 0x000000062dc00000|  0%| F|  |TAMS 0x000000062d800000| PB 0x000000062d800000| Untracked 
| 117|0x000000062dc00000, 0x000000062dc00000, 0x000000062e000000|  0%| F|  |TAMS 0x000000062dc00000| PB 0x000000062dc00000| Untracked 
| 118|0x000000062e000000, 0x000000062e000000, 0x000000062e400000|  0%| F|  |TAMS 0x000000062e000000| PB 0x000000062e000000| Untracked 
| 119|0x000000062e400000, 0x000000062e400000, 0x000000062e800000|  0%| F|  |TAMS 0x000000062e400000| PB 0x000000062e400000| Untracked 
| 120|0x000000062e800000, 0x000000062e800000, 0x000000062ec00000|  0%| F|  |TAMS 0x000000062e800000| PB 0x000000062e800000| Untracked 
| 121|0x000000062ec00000, 0x000000062ec00000, 0x000000062f000000|  0%| F|  |TAMS 0x000000062ec00000| PB 0x000000062ec00000| Untracked 
| 122|0x000000062f000000, 0x000000062f3fa910, 0x000000062f400000| 99%| E|  |TAMS 0x000000062f000000| PB 0x000000062f000000| Complete 
| 123|0x000000062f400000, 0x000000062f800000, 0x000000062f800000|100%| E|CS|TAMS 0x000000062f400000| PB 0x000000062f400000| Complete 
|1981|0x00000007ffc00000, 0x00000007ffd0c7e8, 0x0000000800000000| 26%| O|  |TAMS 0x00000007ffc00000| PB 0x00000007ffc00000| Untracked 

Card table byte_map: [0x00007f58f1a01000,0x00007f58f297d000] _byte_map_base: 0x00007f58ee97d000

Marking Bits: (CMBitMap*) 0x00007f590c057480
 Bits: [0x00007f58e9e21000, 0x00007f58f1a01000)

Polling page: 0x00007f591230b000

Metaspace:

Usage:
  Non-class:      2,84 MB used.
      Class:    199,72 KB used.
       Both:      3,04 MB used.

Virtual space:
  Non-class space:       64,00 MB reserved,       2,94 MB (  5%) committed,  1 nodes.
      Class space:        1,00 GB reserved,     256,00 KB ( <1%) committed,  1 nodes.
             Both:        1,06 GB reserved,       3,19 MB ( <1%) committed. 

Chunk freelists:
   Non-Class:  10,52 MB
       Class:  15,64 MB
        Both:  26,16 MB

MaxMetaspaceSize: unlimited
CompressedClassSpaceSize: 1,00 GB
Initial GC threshold: 21,00 MB
Current GC threshold: 21,00 MB
CDS: on
 - commit_granule_bytes: 65536.
 - commit_granule_words: 8192.
 - virtual_space_node_default_size: 8388608.
 - enlarge_chunks_in_place: 1.
 - use_allocation_guard: 0.


Internal statistics:

num_allocs_failed_limit: 0.
num_arena_births: 66.
num_arena_deaths: 0.
num_vsnodes_births: 2.
num_vsnodes_deaths: 0.
num_space_committed: 49.
num_space_uncommitted: 0.
num_chunks_returned_to_freelist: 0.
num_chunks_taken_from_freelist: 154.
num_chunk_merges: 0.
num_chunk_splits: 88.
num_chunks_enlarged: 46.
num_inconsistent_stats: 0.

CodeHeap 'non-profiled nmethods': size=120028Kb used=192Kb max_used=192Kb free=119835Kb
 bounds [0x00007f58fbac9000, 0x00007f58fbd39000, 0x00007f5903000000]
CodeHeap 'profiled nmethods': size=120028Kb used=887Kb max_used=887Kb free=119140Kb
 bounds [0x00007f58f4000000, 0x00007f58f4270000, 0x00007f58fb537000]
CodeHeap 'non-nmethods': size=5704Kb used=2318Kb max_used=2318Kb free=3385Kb
 bounds [0x00007f58fb537000, 0x00007f58fb7a7000, 0x00007f58fbac9000]
CodeCache: size=245760Kb, used=3397Kb, max_used=3397Kb, free=242360Kb
 total_blobs=1657, nmethods=607, adapters=956, full_count=0
Compilation: enabled, stopped_count=0, restarted_count=0

Compilation events (20 events):
Event: 0,356 Thread 0x00007f590c1440a0  598       3       sun.nio.ch.NativeThread::currentNativeThread (4 bytes)
Event: 0,356 Thread 0x00007f590c1440a0 nmethod 598 0x00007f58f40d8210 code [0x00007f58f40d83c0, 0x00007f58f40d84d8]
Event: 0,356 Thread 0x00007f590c1440a0  599       3       java.nio.MappedByteBuffer::limit (6 bytes)
Event: 0,356 Thread 0x00007f590c1440a0 nmethod 599 0x00007f58f40d8590 code [0x00007f58f40d8740, 0x00007f58f40d8948]
Event: 0,356 Thread 0x00007f590c1440a0  600       3       sun.nio.ch.Util::getTemporaryDirectBuffer (55 bytes)
Event: 0,356 Thread 0x00007f590c1440a0 nmethod 600 0x00007f58f40d8a90 code [0x00007f58f40d8d20, 0x00007f58f40d9888]
Event: 0,356 Thread 0x00007f590c1440a0  601       3       sun.nio.ch.Util$BufferCache::get (164 bytes)
Event: 0,356 Thread 0x00007f590c1440a0 nmethod 601 0x00007f58f40d9c10 code [0x00007f58f40d9e40, 0x00007f58f40da840]
Event: 0,356 Thread 0x00007f590c1440a0  602       3       java.nio.HeapByteBuffer::put (12 bytes)
Event: 0,357 Thread 0x00007f590c1440a0 nmethod 602 0x00007f58f40dab90 code [0x00007f58f40dad80, 0x00007f58f40db1a0]
Event: 0,357 Thread 0x00007f590c1440a0  594   !   3       jdk.internal.loader.URLClassPath$JarLoader::ensureOpen (36 bytes)
Event: 0,357 Thread 0x00007f590c1440a0 nmethod 594 0x00007f58f40db310 code [0x00007f58f40db4e0, 0x00007f58f40db920]
Event: 0,357 Thread 0x00007f590c1440a0  603       3       java.io.File::isInvalid (47 bytes)
Event: 0,357 Thread 0x00007f590c1440a0 nmethod 603 0x00007f58f40dba90 code [0x00007f58f40dbc60, 0x00007f58f40dc048]
Event: 0,357 Thread 0x00007f590c1440a0  604   !   3       jdk.internal.loader.URLClassPath$JarLoader::getResource (40 bytes)
Event: 0,357 Thread 0x00007f590c1440a0 nmethod 604 0x00007f58f40dc190 code [0x00007f58f40dc380, 0x00007f58f40dc910]
Event: 0,357 Thread 0x00007f590c1440a0  605       3       java.util.jar.JarFile::getJarEntry (9 bytes)
Event: 0,357 Thread 0x00007f590c1440a0 nmethod 605 0x00007f58f40dcb10 code [0x00007f58f40dccc0, 0x00007f58f40dcf70]
Event: 0,357 Thread 0x00007f590c1440a0  606       3       java.util.Arrays::rangeCheck (74 bytes)
Event: 0,358 Thread 0x00007f590c1440a0 nmethod 606 0x00007f58f40dd010 code [0x00007f58f40dd2c0, 0x00007f58f40ddbc8]

GC Heap History (0 events):
No events

Dll operation events (9 events):
Event: 0,001 Loaded shared library /home/emn4tor/.jdks/corretto-21.0.8/lib/libjava.so
Event: 0,014 Loaded shared library /home/emn4tor/.jdks/corretto-21.0.8/lib/libjsvml.so
Event: 0,018 Loaded shared library /home/emn4tor/.jdks/corretto-21.0.8/lib/libnio.so
Event: 0,019 Loaded shared library /home/emn4tor/.jdks/corretto-21.0.8/lib/libzip.so
Event: 0,042 Loaded shared library /home/emn4tor/.jdks/corretto-21.0.8/lib/libjimage.so
Event: 0,045 Loaded shared library /home/emn4tor/.jdks/corretto-21.0.8/lib/libnet.so
Event: 0,048 Loaded shared library /tmp/lwjgl_emn4tor/3.3.4+7/x64/liblwjgl.so
Event: 0,191 Loaded shared library /tmp/lwjgl_emn4tor/3.3.4+7/x64/liblwjgl_opengl.so
Event: 0,354 Loaded shared library /tmp/lwjgl_emn4tor/3.3.4+7/x64/liblwjgl_stb.so

Deoptimization events (4 events):
Event: 0,094 Thread 0x00007f590c02b710 DEOPT PACKING pc=0x00007f58f40143c8 sp=0x00007f59103fd570
Event: 0,094 Thread 0x00007f590c02b710 DEOPT UNPACKING pc=0x00007f58fb58f14f sp=0x00007f59103fc9b0 mode 0
Event: 0,193 Thread 0x00007f590c02b710 DEOPT PACKING pc=0x00007f58f4005f49 sp=0x00007f59103fbc40
Event: 0,193 Thread 0x00007f590c02b710 DEOPT UNPACKING pc=0x00007f58fb58f14f sp=0x00007f59103fb0c8 mode 0

Classes loaded (20 events):
Event: 0,077 Loading class java/nio/DirectDoubleBufferU
Event: 0,077 Loading class java/nio/DirectDoubleBufferU done
Event: 0,077 Loading class sun/misc/Unsafe
Event: 0,078 Loading class sun/misc/Unsafe done
Event: 0,078 Loading class java/lang/invoke/DirectMethodHandle$StaticAccessor
Event: 0,078 Loading class java/lang/invoke/DirectMethodHandle$StaticAccessor done
Event: 0,080 Loading class java/util/function/LongPredicate
Event: 0,080 Loading class java/util/function/LongPredicate done
Event: 0,081 Loading class java/lang/foreign/MemorySegment
Event: 0,081 Loading class java/lang/foreign/MemorySegment done
Event: 0,083 Loading class java/nio/InvalidMarkException
Event: 0,083 Loading class java/nio/InvalidMarkException done
Event: 0,083 Loading class java/nio/BufferUnderflowException
Event: 0,083 Loading class java/nio/BufferUnderflowException done
Event: 0,086 Loading class java/util/Formatter$FixedString
Event: 0,086 Loading class java/util/Formatter$FixedString done
Event: 0,092 Loading class java/lang/NoSuchFieldError
Event: 0,092 Loading class java/lang/NoSuchFieldError done
Event: 0,094 Loading class jdk/internal/reflect/MethodHandleIntegerFieldAccessorImpl
Event: 0,094 Loading class jdk/internal/reflect/MethodHandleIntegerFieldAccessorImpl done

Classes unloaded (0 events):
No events

Classes redefined (0 events):
No events

Internal exceptions (18 events):
Event: 0,037 Thread 0x00007f590c02b710 Exception <a 'java/lang/NoSuchMethodError'{0x000000062f699e90}: 'void java.lang.invoke.DirectMethodHandle$Holder.invokeStatic(java.lang.Object, java.lang.Object)'> (0x000000062f699e90) 
thrown [src/hotspot/share/interpreter/linkResolver.cpp, line 773]
Event: 0,038 Thread 0x00007f590c02b710 Exception <a 'java/lang/NoSuchMethodError'{0x000000062f69efc8}: 'void java.lang.System.load(java.lang.String, java.lang.Class)'> (0x000000062f69efc8) 
thrown [src/hotspot/share/interpreter/linkResolver.cpp, line 773]
Event: 0,038 Thread 0x00007f590c02b710 Exception <a 'java/lang/NoSuchMethodError'{0x000000062f69fc98}: 'void java.lang.invoke.DirectMethodHandle$Holder.invokeSpecial(java.lang.Object, java.lang.Object, java.lang.Object)'> (0x000000062f69fc98) 
thrown [src/hotspot/share/interpreter/linkResolver.cpp, line 773]
Event: 0,039 Thread 0x00007f590c02b710 Exception <a 'java/lang/NoSuchMethodError'{0x000000062f6b1cb8}: 'java.lang.Object java.lang.invoke.DirectMethodHandle$Holder.invokeStatic(java.lang.Object, java.lang.Object, int)'> (0x000000062f6b1cb8) 
thrown [src/hotspot/share/interpreter/linkResolver.cpp, line 773]
Event: 0,039 Thread 0x00007f590c02b710 Exception <a 'java/lang/NoSuchMethodError'{0x000000062f6bd510}: 'void java.lang.invoke.DelegatingMethodHandle$Holder.delegate(java.lang.Object, java.lang.Object, int, java.lang.Object)'> (0x000000062f6bd510) 
thrown [src/hotspot/share/interpreter/linkResolver.cpp, line 773]
Event: 0,040 Thread 0x00007f590c02b710 Exception <a 'java/lang/NoSuchMethodError'{0x000000062f6c1508}: 'int java.lang.invoke.DirectMethodHandle$Holder.invokeSpecial(java.lang.Object, java.lang.Object, java.lang.Object)'> (0x000000062f6c1508) 
thrown [src/hotspot/share/interpreter/linkResolver.cpp, line 773]
Event: 0,041 Thread 0x00007f590c02b710 Exception <a 'java/lang/NoSuchMethodError'{0x000000062f6dbc70}: 'void java.lang.System.loadLibrary(java.lang.String, java.lang.Class)'> (0x000000062f6dbc70) 
thrown [src/hotspot/share/interpreter/linkResolver.cpp, line 773]
Event: 0,080 Thread 0x00007f590c02b710 Exception <a 'java/lang/NoSuchMethodError'{0x000000062f027730}: 'int java.lang.invoke.DirectMethodHandle$Holder.invokeStaticInit(java.lang.Object, java.lang.Object, int, long)'> (0x000000062f027730) 
thrown [src/hotspot/share/interpreter/linkResolver.cpp, line 773]
Event: 0,081 Thread 0x00007f590c02b710 Exception <a 'java/lang/NoSuchMethodError'{0x000000062f02c858}: 'java.lang.Object java.lang.invoke.DirectMethodHandle$Holder.newInvokeSpecial(java.lang.Object, java.lang.Object, int)'> (0x000000062f02c858) 
thrown [src/hotspot/share/interpreter/linkResolver.cpp, line 773]
Event: 0,082 Thread 0x00007f590c02b710 Exception <a 'java/lang/NoSuchMethodError'{0x000000062f03b8d8}: 'int java.lang.invoke.DirectMethodHandle$Holder.invokeStaticInit(java.lang.Object, java.lang.Object, long, long)'> (0x000000062f03b8d8) 
thrown [src/hotspot/share/interpreter/linkResolver.cpp, line 773]
Event: 0,082 Thread 0x00007f590c02b710 Exception <a 'java/lang/NoSuchMethodError'{0x000000062f041380}: 'java.lang.Object java.lang.invoke.DirectMethodHandle$Holder.newInvokeSpecial(java.lang.Object, java.lang.Object, long)'> (0x000000062f041380) 
thrown [src/hotspot/share/interpreter/linkResolver.cpp, line 773]
Event: 0,082 Thread 0x00007f590c02b710 Exception <a 'java/lang/NoSuchMethodError'{0x000000062f045238}: 'java.lang.Object java.lang.invoke.Invokers$Holder.linkToTargetMethod(java.lang.Object, long, java.lang.Object)'> (0x000000062f045238) 
thrown [src/hotspot/share/interpreter/linkResolver.cpp, line 773]
Event: 0,082 Thread 0x00007f590c02b710 Exception <a 'java/lang/NoSuchMethodError'{0x000000062f04c480}: 'int java.lang.invoke.DirectMethodHandle$Holder.invokeStaticInit(java.lang.Object, java.lang.Object, java.lang.Object, long)'> (0x000000062f04c480) 
thrown [src/hotspot/share/interpreter/linkResolver.cpp, line 773]
Event: 0,094 Thread 0x00007f590c02b710 Exception <a 'java/lang/NoSuchMethodError'{0x000000062f106c28}: 'int java.lang.invoke.Invokers$Holder.invokeExact_MT(java.lang.Object, java.lang.Object)'> (0x000000062f106c28) 
thrown [src/hotspot/share/interpreter/linkResolver.cpp, line 773]
Event: 0,188 Thread 0x00007f590c02b710 Exception <a 'java/lang/NoSuchMethodError'{0x000000062f172490}: 'void java.lang.System.load(java.lang.String, java.lang.Class)'> (0x000000062f172490) 
thrown [src/hotspot/share/interpreter/linkResolver.cpp, line 773]
Event: 0,189 Thread 0x00007f590c02b710 Exception <a 'java/lang/NoSuchMethodError'{0x000000062f174f00}: 'void java.lang.System.loadLibrary(java.lang.String, java.lang.Class)'> (0x000000062f174f00) 
thrown [src/hotspot/share/interpreter/linkResolver.cpp, line 773]
Event: 0,350 Thread 0x00007f590c02b710 Exception <a 'java/lang/NoSuchMethodError'{0x000000062f28a7b0}: 'void java.lang.System.load(java.lang.String, java.lang.Class)'> (0x000000062f28a7b0) 
thrown [src/hotspot/share/interpreter/linkResolver.cpp, line 773]
Event: 0,351 Thread 0x00007f590c02b710 Exception <a 'java/lang/NoSuchMethodError'{0x000000062f28d220}: 'void java.lang.System.loadLibrary(java.lang.String, java.lang.Class)'> (0x000000062f28d220) 
thrown [src/hotspot/share/interpreter/linkResolver.cpp, line 773]

ZGC Phase Switch (0 events):
No events

VM Operations (0 events):
No events

Memory protections (11 events):
Event: 0,001 Protecting memory [0x00007f5910300000,0x00007f5910304000] with protection modes 0
Event: 0,013 Protecting memory [0x00007f58e8c10000,0x00007f58e8c14000] with protection modes 0
Event: 0,013 Protecting memory [0x00007f58e8700000,0x00007f58e8704000] with protection modes 0
Event: 0,013 Protecting memory [0x00007f58e85ff000,0x00007f58e8603000] with protection modes 0
Event: 0,014 Protecting memory [0x00007f58e84fe000,0x00007f58e8502000] with protection modes 0
Event: 0,014 Protecting memory [0x00007f58e83fd000,0x00007f58e8401000] with protection modes 0
Event: 0,014 Protecting memory [0x00007f58e82fc000,0x00007f58e8300000] with protection modes 0
Event: 0,014 Protecting memory [0x00007f58e81fb000,0x00007f58e81ff000] with protection modes 0
Event: 0,016 Protecting memory [0x00007f58e80fa000,0x00007f58e80fe000] with protection modes 0
Event: 0,016 Protecting memory [0x00007f58d9f00000,0x00007f58d9f04000] with protection modes 0
Event: 0,077 Protecting memory [0x00007f58d9b00000,0x00007f58d9b04000] with protection modes 0

Nmethod flushes (0 events):
No events

Events (11 events):
Event: 0,009 Thread 0x00007f590c02b710 Thread added: 0x00007f590c02b710
Event: 0,013 Thread 0x00007f590c02b710 Thread added: 0x00007f590c13b500
Event: 0,013 Thread 0x00007f590c02b710 Thread added: 0x00007f590c13cb80
Event: 0,013 Thread 0x00007f590c02b710 Thread added: 0x00007f590c13e300
Event: 0,014 Thread 0x00007f590c02b710 Thread added: 0x00007f590c13f930
Event: 0,014 Thread 0x00007f590c02b710 Thread added: 0x00007f590c140ec0
Event: 0,014 Thread 0x00007f590c02b710 Thread added: 0x00007f590c1429f0
Event: 0,014 Thread 0x00007f590c02b710 Thread added: 0x00007f590c1440a0
Event: 0,016 Thread 0x00007f590c02b710 Thread added: 0x00007f590c150570
Event: 0,016 Thread 0x00007f590c02b710 Thread added: 0x00007f590c1536a0
Event: 0,077 Thread 0x00007f590c1440a0 Thread added: 0x00007f5860061b40


Dynamic libraries:
610800000-62f800000 rw-p 00000000 00:00 0 
62f800000-7ffc00000 ---p 00000000 00:00 0 
7ffc00000-7ffd0d000 rw-p 00cdf000 08:02 2118955                          /home/emn4tor/.jdks/corretto-21.0.8/lib/server/classes.jsa
7ffd0d000-800000000 rw-p 00000000 00:00 0 
55b16ea00000-55b16ea01000 r-xp 00000000 08:02 2119048                    /home/emn4tor/.jdks/corretto-21.0.8/bin/java
55b16ec01000-55b16ec02000 r--p 00001000 08:02 2119048                    /home/emn4tor/.jdks/corretto-21.0.8/bin/java
55b16ec02000-55b16ec03000 rw-p 00002000 08:02 2119048                    /home/emn4tor/.jdks/corretto-21.0.8/bin/java
55b1977d5000-55b19781c000 rw-p 00000000 00:00 0                          [heap]
7f5838000000-7f5838085000 rw-p 00000000 00:00 0 
7f5838085000-7f583c000000 ---p 00000000 00:00 0 
7f5840000000-7f5840022000 rw-p 00000000 00:00 0 
7f5840022000-7f5844000000 ---p 00000000 00:00 0 
7f5845600000-7f58459bb000 r--s 00000000 08:02 1359644                    /home/emn4tor/.cache/fontconfig/923e285e415b1073c8df160bee08820f-le64.cache-9
7f5845df5000-7f584b600000 rw-p 00000000 00:00 0 
7f584b600000-7f584bb3e000 r--p 00000000 08:02 3452514                    /usr/lib/libLLVM.so.21.1
7f584bb3e000-7f5851357000 r-xp 0053e000 08:02 3452514                    /usr/lib/libLLVM.so.21.1
7f5851357000-7f5854981000 r--p 05d57000 08:02 3452514                    /usr/lib/libLLVM.so.21.1
7f5854981000-7f5854b8a000 r--p 09380000 08:02 3452514                    /usr/lib/libLLVM.so.21.1
7f5854b8a000-7f5854bcf000 rw-p 09589000 08:02 3452514                    /usr/lib/libLLVM.so.21.1
7f5854bcf000-7f5854c97000 rw-p 00000000 00:00 0 
7f5854e00000-7f5854e19000 r--p 00000000 08:02 3453757                    /usr/lib/libgallium-25.3.2-arch1.1.so
7f5854e19000-7f58568b2000 r-xp 00019000 08:02 3453757                    /usr/lib/libgallium-25.3.2-arch1.1.so
7f58568b2000-7f58578a9000 r--p 01ab2000 08:02 3453757                    /usr/lib/libgallium-25.3.2-arch1.1.so
7f58578a9000-7f58579c9000 r--p 02aa9000 08:02 3453757                    /usr/lib/libgallium-25.3.2-arch1.1.so
7f58579c9000-7f58579ea000 rw-p 02bc9000 08:02 3453757                    /usr/lib/libgallium-25.3.2-arch1.1.so
7f58579ea000-7f5857bb5000 rw-p 00000000 00:00 0 
7f5857c00000-7f5857c97000 r--p 00000000 08:02 3412127                    /usr/lib/libstdc++.so.6.0.34
7f5857c97000-7f5857dec000 r-xp 00097000 08:02 3412127                    /usr/lib/libstdc++.so.6.0.34
7f5857dec000-7f5857e7e000 r--p 001ec000 08:02 3412127                    /usr/lib/libstdc++.so.6.0.34
7f5857e7e000-7f5857e8f000 r--p 0027e000 08:02 3412127                    /usr/lib/libstdc++.so.6.0.34
7f5857e8f000-7f5857e90000 rw-p 0028f000 08:02 3412127                    /usr/lib/libstdc++.so.6.0.34
7f5857e90000-7f5857e94000 rw-p 00000000 00:00 0 
7f5858000000-7f5858021000 rw-p 00000000 00:00 0 
7f5858021000-7f585c000000 ---p 00000000 00:00 0 
7f585c000000-7f585c02c000 rw-p 00000000 00:00 0 
7f585c02c000-7f5860000000 ---p 00000000 00:00 0 
7f5860000000-7f58601f9000 rw-p 00000000 00:00 0 
7f58601f9000-7f5864000000 ---p 00000000 00:00 0 
7f5864000000-7f5864021000 rw-p 00000000 00:00 0 
7f5864021000-7f5868000000 ---p 00000000 00:00 0 
7f5868000000-7f5868021000 rw-p 00000000 00:00 0 
7f5868021000-7f586c000000 ---p 00000000 00:00 0 
7f586c000000-7f586c1f5000 rw-p 00000000 00:00 0 
7f586c1f5000-7f5870000000 ---p 00000000 00:00 0 
7f5870000000-7f5870021000 rw-p 00000000 00:00 0 
7f5870021000-7f5874000000 ---p 00000000 00:00 0 
7f5874000000-7f5874021000 rw-p 00000000 00:00 0 
7f5874021000-7f5878000000 ---p 00000000 00:00 0 
7f5878000000-7f5878021000 rw-p 00000000 00:00 0 
7f5878021000-7f587c000000 ---p 00000000 00:00 0 
7f587c000000-7f587c021000 rw-p 00000000 00:00 0 
7f587c021000-7f5880000000 ---p 00000000 00:00 0 
7f5880000000-7f5880021000 rw-p 00000000 00:00 0 
7f5880021000-7f5884000000 ---p 00000000 00:00 0 
7f588421c000-7f5884224000 r--p 00000000 00:2a 7534                       /tmp/lwjgl_emn4tor/3.3.4+7/x64/liblwjgl_stb.so
7f5884224000-7f588429b000 r-xp 00008000 00:2a 7534                       /tmp/lwjgl_emn4tor/3.3.4+7/x64/liblwjgl_stb.so
7f588429b000-7f58842a9000 r--p 0007f000 00:2a 7534                       /tmp/lwjgl_emn4tor/3.3.4+7/x64/liblwjgl_stb.so
7f58842a9000-7f58842aa000 r--p 0008c000 00:2a 7534                       /tmp/lwjgl_emn4tor/3.3.4+7/x64/liblwjgl_stb.so
7f58842aa000-7f58842ab000 rw-p 0008d000 00:2a 7534                       /tmp/lwjgl_emn4tor/3.3.4+7/x64/liblwjgl_stb.so
7f58842ab000-7f5884365000 rw-p 00000000 00:00 0 
7f5884365000-7f5884400000 r--p 00000000 08:02 3700790                    /usr/share/fonts/noto/NotoSans-Bold.ttf
7f5884400000-7f5884600000 rw-s 20c918000 00:06 1205                      /dev/dri/renderD128
7f5884600000-7f5886594000 r--p 00000000 08:02 3426646                    /usr/lib/libicudata.so.78.1
7f5886594000-7f5886595000 r--p 01f93000 08:02 3426646                    /usr/lib/libicudata.so.78.1
7f58865df000-7f588667a000 r--p 00000000 08:02 3700790                    /usr/share/fonts/noto/NotoSans-Bold.ttf
7f58866f9000-7f58866fe000 r--p 00000000 08:02 3415423                    /usr/lib/libblkid.so.1.1.0
7f58866fe000-7f5886723000 r-xp 00005000 08:02 3415423                    /usr/lib/libblkid.so.1.1.0
7f5886723000-7f588672c000 r--p 0002a000 08:02 3415423                    /usr/lib/libblkid.so.1.1.0
7f588672c000-7f5886732000 r--p 00032000 08:02 3415423                    /usr/lib/libblkid.so.1.1.0
7f5886732000-7f5886733000 rw-p 00038000 08:02 3415423                    /usr/lib/libblkid.so.1.1.0
7f5886733000-7f5886734000 r--p 00000000 08:02 3429184                    /usr/lib/libbrotlicommon.so.1.1.0
7f5886734000-7f5886735000 r-xp 00001000 08:02 3429184                    /usr/lib/libbrotlicommon.so.1.1.0
7f5886735000-7f5886754000 r--p 00002000 08:02 3429184                    /usr/lib/libbrotlicommon.so.1.1.0
7f5886754000-7f5886755000 r--p 00021000 08:02 3429184                    /usr/lib/libbrotlicommon.so.1.1.0
7f5886755000-7f5886756000 rw-p 00022000 08:02 3429184                    /usr/lib/libbrotlicommon.so.1.1.0
7f588675f000-7f5886800000 rw-p 00000000 00:00 0 
7f5886800000-7f5886a00000 rw-s 16fe01000 00:06 1205                      /dev/dri/renderD128
7f5886a00000-7f5886c00000 rw-s 108dd2000 00:06 1205                      /dev/dri/renderD128
7f5886c00000-7f5886c48000 r--p 00000000 08:02 3426664                    /usr/lib/libicuuc.so.78.1
7f5886c48000-7f5886d65000 r-xp 00048000 08:02 3426664                    /usr/lib/libicuuc.so.78.1
7f5886d65000-7f5886df8000 r--p 00165000 08:02 3426664                    /usr/lib/libicuuc.so.78.1
7f5886df8000-7f5886e0b000 r--p 001f8000 08:02 3426664                    /usr/lib/libicuuc.so.78.1
7f5886e0b000-7f5886e0c000 rw-p 0020b000 08:02 3426664                    /usr/lib/libicuuc.so.78.1
7f5886e0c000-7f5886e0e000 rw-p 00000000 00:00 0 
7f5886e2d000-7f5886e2f000 r--p 00000000 08:02 3452650                    /usr/lib/libdatrie.so.1.4.1
7f5886e2f000-7f5886e33000 r-xp 00002000 08:02 3452650                    /usr/lib/libdatrie.so.1.4.1
7f5886e33000-7f5886e34000 r--p 00006000 08:02 3452650                    /usr/lib/libdatrie.so.1.4.1
7f5886e34000-7f5886e35000 r--p 00006000 08:02 3452650                    /usr/lib/libdatrie.so.1.4.1
7f5886e35000-7f5886e36000 rw-p 00007000 08:02 3452650                    /usr/lib/libdatrie.so.1.4.1
7f5886e40000-7f5886e73000 r--p 00000000 00:2a 6986                       /tmp/lwjgl_emn4tor/3.3.4+7/x64/liblwjgl_opengl.so
7f5886e73000-7f5886e87000 r-xp 00033000 00:2a 6986                       /tmp/lwjgl_emn4tor/3.3.4+7/x64/liblwjgl_opengl.so
7f5886e87000-7f5886e97000 r--p 00047000 00:2a 6986                       /tmp/lwjgl_emn4tor/3.3.4+7/x64/liblwjgl_opengl.so
7f5886e97000-7f5886e98000 r--p 00056000 00:2a 6986                       /tmp/lwjgl_emn4tor/3.3.4+7/x64/liblwjgl_opengl.so
7f5886e98000-7f5886e99000 rw-p 00057000 00:2a 6986                       /tmp/lwjgl_emn4tor/3.3.4+7/x64/liblwjgl_opengl.so
7f5886e99000-7f5886e9b000 r--p 00000000 08:02 3446588                    /usr/lib/libgraphite2.so.3.2.1
7f5886e9b000-7f5886eb4000 r-xp 00002000 08:02 3446588                    /usr/lib/libgraphite2.so.3.2.1
7f5886eb4000-7f5886eb9000 r--p 0001b000 08:02 3446588                    /usr/lib/libgraphite2.so.3.2.1
7f5886eb9000-7f5886ebb000 r--p 0001f000 08:02 3446588                    /usr/lib/libgraphite2.so.3.2.1
7f5886ebb000-7f5886ebc000 rw-p 00021000 08:02 3446588                    /usr/lib/libgraphite2.so.3.2.1
7f5886ebc000-7f5886ec6000 r--p 00000000 08:02 3415439                    /usr/lib/libmount.so.1.1.0
7f5886ec6000-7f5886f00000 r-xp 0000a000 08:02 3415439                    /usr/lib/libmount.so.1.1.0
7f5886f00000-7f5886f0f000 r--p 00044000 08:02 3415439                    /usr/lib/libmount.so.1.1.0
7f5886f0f000-7f5886f11000 r--p 00053000 08:02 3415439                    /usr/lib/libmount.so.1.1.0
7f5886f11000-7f5886f12000 rw-p 00055000 08:02 3415439                    /usr/lib/libmount.so.1.1.0
7f5886f12000-7f5886f16000 r--p 00000000 08:02 3412095                    /usr/lib/libgcc_s.so.1
7f5886f16000-7f5886f39000 r-xp 00004000 08:02 3412095                    /usr/lib/libgcc_s.so.1
7f5886f39000-7f5886f3d000 r--p 00027000 08:02 3412095                    /usr/lib/libgcc_s.so.1
7f5886f3d000-7f5886f3e000 r--p 0002a000 08:02 3412095                    /usr/lib/libgcc_s.so.1
7f5886f3e000-7f5886f3f000 rw-p 0002b000 08:02 3412095                    /usr/lib/libgcc_s.so.1
7f5886f3f000-7f5886f41000 r--p 00000000 08:02 3425522                    /usr/lib/libbz2.so.1.0.8
7f5886f41000-7f5886f4e000 r-xp 00002000 08:02 3425522                    /usr/lib/libbz2.so.1.0.8
7f5886f4e000-7f5886f50000 r--p 0000f000 08:02 3425522                    /usr/lib/libbz2.so.1.0.8
7f5886f50000-7f5886f51000 r--p 00010000 08:02 3425522                    /usr/lib/libbz2.so.1.0.8
7f5886f51000-7f5886f52000 rw-p 00011000 08:02 3425522                    /usr/lib/libbz2.so.1.0.8
7f5886f52000-7f5886f55000 r--p 00000000 08:02 3425774                    /usr/lib/libpcre2-8.so.0.15.0
7f5886f55000-7f5886fd3000 r-xp 00003000 08:02 3425774                    /usr/lib/libpcre2-8.so.0.15.0
7f5886fd3000-7f5886ffe000 r--p 00081000 08:02 3425774                    /usr/lib/libpcre2-8.so.0.15.0
7f5886ffe000-7f5886fff000 r--p 000ab000 08:02 3425774                    /usr/lib/libpcre2-8.so.0.15.0
7f5886fff000-7f5887000000 rw-p 000ac000 08:02 3425774                    /usr/lib/libpcre2-8.so.0.15.0
7f5887000000-7f5887170000 rw-p 00000000 00:00 0 
7f5887170000-7f5887400000 ---p 00000000 00:00 0 
7f5887400000-7f5887520000 rw-p 00000000 00:00 0 
7f5887520000-7f5887560000 rw-p 00000000 00:00 0 
7f5887560000-7f5887580000 rw-p 00000000 00:00 0 
7f5887580000-7f588b000000 ---p 00000000 00:00 0 
7f588b000000-7f588bca0000 rw-p 00001000 08:02 2118955                    /home/emn4tor/.jdks/corretto-21.0.8/lib/server/classes.jsa
7f588bca0000-7f588c000000 ---p 00000000 00:00 0 
7f588c000000-7f588c020000 rw-p 00000000 00:00 0 
7f588c020000-7f588c040000 ---p 00000000 00:00 0 
7f588c040000-7f588c060000 rw-p 00000000 00:00 0 
7f588c060000-7f58cc000000 ---p 00000000 00:00 0 
7f58cc000000-7f58cc021000 rw-p 00000000 00:00 0 
7f58cc021000-7f58d0000000 ---p 00000000 00:00 0 
7f58d0000000-7f58d0021000 rw-p 00000000 00:00 0 
7f58d0021000-7f58d4000000 ---p 00000000 00:00 0 
7f58d4000000-7f58d4021000 rw-p 00000000 00:00 0 
7f58d4021000-7f58d8000000 ---p 00000000 00:00 0 
7f58d8001000-7f58d8002000 r--p 00000000 08:02 3429187                    /usr/lib/libbrotlidec.so.1.1.0
7f58d8002000-7f58d800b000 r-xp 00001000 08:02 3429187                    /usr/lib/libbrotlidec.so.1.1.0
7f58d800b000-7f58d800e000 r--p 0000a000 08:02 3429187                    /usr/lib/libbrotlidec.so.1.1.0
7f58d800e000-7f58d800f000 r--p 0000c000 08:02 3429187                    /usr/lib/libbrotlidec.so.1.1.0
7f58d800f000-7f58d8010000 rw-p 0000d000 08:02 3429187                    /usr/lib/libbrotlidec.so.1.1.0
7f58d8010000-7f58d8012000 r--p 00000000 08:02 3432937                    /usr/lib/libexpat.so.1.11.1
7f58d8012000-7f58d8030000 r-xp 00002000 08:02 3432937                    /usr/lib/libexpat.so.1.11.1
7f58d8030000-7f58d8038000 r--p 00020000 08:02 3432937                    /usr/lib/libexpat.so.1.11.1
7f58d8038000-7f58d803a000 r--p 00028000 08:02 3432937                    /usr/lib/libexpat.so.1.11.1
7f58d803a000-7f58d803b000 rw-p 0002a000 08:02 3432937                    /usr/lib/libexpat.so.1.11.1
7f58d804c000-7f58d804e000 r--p 00000000 08:02 3452623                    /usr/lib/libGLX.so.0.0.0
7f58d804e000-7f58d8068000 r-xp 00002000 08:02 3452623                    /usr/lib/libGLX.so.0.0.0
7f58d8068000-7f58d806b000 r--p 0001c000 08:02 3452623                    /usr/lib/libGLX.so.0.0.0
7f58d806b000-7f58d806c000 r--p 0001f000 08:02 3452623                    /usr/lib/libGLX.so.0.0.0
7f58d806c000-7f58d806d000 rw-p 00020000 08:02 3452623                    /usr/lib/libGLX.so.0.0.0
7f58d806d000-7f58d814c000 rw-p 00000000 00:00 0 
7f58d814c000-7f58d828d000 rw-s 00000000 08:02 1311055                    /home/emn4tor/.cache/mesa_shader_cache/index
7f58d828d000-7f58d829a000 r--p 00000000 08:02 3446595                    /usr/lib/libharfbuzz.so.0.61220.0
7f58d829a000-7f58d838a000 r-xp 0000d000 08:02 3446595                    /usr/lib/libharfbuzz.so.0.61220.0
7f58d838a000-7f58d83c2000 r--p 000fd000 08:02 3446595                    /usr/lib/libharfbuzz.so.0.61220.0
7f58d83c2000-7f58d83c4000 r--p 00134000 08:02 3446595                    /usr/lib/libharfbuzz.so.0.61220.0
7f58d83c4000-7f58d83c5000 rw-p 00136000 08:02 3446595                    /usr/lib/libharfbuzz.so.0.61220.0
7f58d83c5000-7f58d83f7000 r--p 00000000 08:02 3431934                    /usr/lib/libgio-2.0.so.0.8600.3
7f58d83f7000-7f58d8516000 r-xp 00032000 08:02 3431934                    /usr/lib/libgio-2.0.so.0.8600.3
7f58d8516000-7f58d858b000 r--p 00151000 08:02 3431934                    /usr/lib/libgio-2.0.so.0.8600.3
7f58d858b000-7f58d8594000 r--p 001c5000 08:02 3431934                    /usr/lib/libgio-2.0.so.0.8600.3
7f58d8594000-7f58d8595000 rw-p 001ce000 08:02 3431934                    /usr/lib/libgio-2.0.so.0.8600.3
7f58d8595000-7f58d8597000 rw-p 00000000 00:00 0 
7f58d8597000-7f58d85ac000 r--p 00000000 08:02 3423803                    /usr/lib/libsystemd.so.0.42.0
7f58d85ac000-7f58d8670000 r-xp 00015000 08:02 3423803                    /usr/lib/libsystemd.so.0.42.0
7f58d8670000-7f58d86b3000 r--p 000d9000 08:02 3423803                    /usr/lib/libsystemd.so.0.42.0
7f58d86b3000-7f58d86bc000 r--p 0011c000 08:02 3423803                    /usr/lib/libsystemd.so.0.42.0
7f58d86bc000-7f58d86bd000 rw-p 00125000 08:02 3423803                    /usr/lib/libsystemd.so.0.42.0
7f58d86bd000-7f58d86be000 rw-p 00000000 00:00 0 
7f58d86be000-7f58d86d5000 r--p 00000000 08:02 3449346                    /usr/lib/libX11.so.6.4.0
7f58d86d5000-7f58d876a000 r-xp 00017000 08:02 3449346                    /usr/lib/libX11.so.6.4.0
7f58d876a000-7f58d87f9000 r--p 000ac000 08:02 3449346                    /usr/lib/libX11.so.6.4.0
7f58d87f9000-7f58d87fc000 r--p 0013a000 08:02 3449346                    /usr/lib/libX11.so.6.4.0
7f58d87fc000-7f58d8800000 rw-p 0013d000 08:02 3449346                    /usr/lib/libX11.so.6.4.0
7f58d8857000-7f58d8862000 r--s 00000000 08:02 1359646                    /home/emn4tor/.cache/fontconfig/6cbc3842be4e1cc07a4cb86bf80f9309-le64.cache-9
7f58d8862000-7f58d887d000 r--s 00000000 08:02 1358872                    /home/emn4tor/.cache/fontconfig/f6b893a7224233d96cb72fd88691c0b4-le64.cache-9
7f58d887d000-7f58d888a000 r--p 00000000 08:02 3412186                    /usr/lib/libncursesw.so.6.5
7f58d888a000-7f58d88d1000 r-xp 0000d000 08:02 3412186                    /usr/lib/libncursesw.so.6.5
7f58d88d1000-7f58d88e7000 r--p 00054000 08:02 3412186                    /usr/lib/libncursesw.so.6.5
7f58d88e7000-7f58d88eb000 r--p 0006a000 08:02 3412186                    /usr/lib/libncursesw.so.6.5
7f58d88eb000-7f58d88ec000 rw-p 0006e000 08:02 3412186                    /usr/lib/libncursesw.so.6.5
7f58d88ec000-7f58d8906000 r--p 00000000 08:02 3426742                    /usr/lib/libxml2.so.16.1.1
7f58d8906000-7f58d89d9000 r-xp 0001a000 08:02 3426742                    /usr/lib/libxml2.so.16.1.1
7f58d89d9000-7f58d8a16000 r--p 000ed000 08:02 3426742                    /usr/lib/libxml2.so.16.1.1
7f58d8a16000-7f58d8a1f000 r--p 0012a000 08:02 3426742                    /usr/lib/libxml2.so.16.1.1
7f58d8a1f000-7f58d8a20000 rw-p 00133000 08:02 3426742                    /usr/lib/libxml2.so.16.1.1
7f58d8a20000-7f58d8a21000 rw-p 00000000 00:00 0 
7f58d8a21000-7f58d8a27000 r--p 00000000 08:02 3446377                    /usr/lib/libedit.so.0.0.75
7f58d8a27000-7f58d8a48000 r-xp 00006000 08:02 3446377                    /usr/lib/libedit.so.0.0.75
7f58d8a48000-7f58d8a55000 r--p 00027000 08:02 3446377                    /usr/lib/libedit.so.0.0.75
7f58d8a55000-7f58d8a57000 r--p 00034000 08:02 3446377                    /usr/lib/libedit.so.0.0.75
7f58d8a57000-7f58d8a58000 rw-p 00036000 08:02 3446377                    /usr/lib/libedit.so.0.0.75
7f58d8a58000-7f58d8a5b000 rw-p 00000000 00:00 0 
7f58d8a5b000-7f58d8a5e000 r--p 00000000 08:02 3452471                    /usr/lib/libdrm_intel.so.1.131.0
7f58d8a5e000-7f58d8a75000 r-xp 00003000 08:02 3452471                    /usr/lib/libdrm_intel.so.1.131.0
7f58d8a75000-7f58d8a7e000 r--p 0001a000 08:02 3452471                    /usr/lib/libdrm_intel.so.1.131.0
7f58d8a7e000-7f58d8a7f000 r--p 00023000 08:02 3452471                    /usr/lib/libdrm_intel.so.1.131.0
7f58d8a7f000-7f58d8a80000 rw-p 00024000 08:02 3452471                    /usr/lib/libdrm_intel.so.1.131.0
7f58d8a80000-7f58d8a95000 r--p 00000000 08:02 3453749                    /usr/lib/libSPIRV-Tools.so
7f58d8a95000-7f58d8bb0000 r-xp 00015000 08:02 3453749                    /usr/lib/libSPIRV-Tools.so
7f58d8bb0000-7f58d8c29000 r--p 00130000 08:02 3453749                    /usr/lib/libSPIRV-Tools.so
7f58d8c29000-7f58d8c2c000 r--p 001a8000 08:02 3453749                    /usr/lib/libSPIRV-Tools.so
7f58d8c2c000-7f58d8c2d000 rw-p 001ab000 08:02 3453749                    /usr/lib/libSPIRV-Tools.so
7f58d8c2d000-7f58d8c39000 r--p 00000000 08:02 3423736                    /usr/lib/libzstd.so.1.5.7
7f58d8c39000-7f58d8cff000 r-xp 0000c000 08:02 3423736                    /usr/lib/libzstd.so.1.5.7
7f58d8cff000-7f58d8d10000 r--p 000d2000 08:02 3423736                    /usr/lib/libzstd.so.1.5.7
7f58d8d10000-7f58d8d11000 r--p 000e3000 08:02 3423736                    /usr/lib/libzstd.so.1.5.7
7f58d8d11000-7f58d8d12000 rw-p 000e4000 08:02 3423736                    /usr/lib/libzstd.so.1.5.7
7f58d8d12000-7f58d8d18000 r--p 00000000 08:02 3453752                    /usr/lib/libEGL_mesa.so.0.0.0
7f58d8d18000-7f58d8d43000 r-xp 00006000 08:02 3453752                    /usr/lib/libEGL_mesa.so.0.0.0
7f58d8d43000-7f58d8d57000 r--p 00031000 08:02 3453752                    /usr/lib/libEGL_mesa.so.0.0.0
7f58d8d57000-7f58d8d63000 r--p 00045000 08:02 3453752                    /usr/lib/libEGL_mesa.so.0.0.0
7f58d8d63000-7f58d8d64000 rw-p 00051000 08:02 3453752                    /usr/lib/libEGL_mesa.so.0.0.0
7f58d8d64000-7f58d8d66000 r--p 00000000 08:02 3452626                    /usr/lib/libGLdispatch.so.0.0.0
7f58d8d66000-7f58d8da5000 r-xp 00002000 08:02 3452626                    /usr/lib/libGLdispatch.so.0.0.0
7f58d8da5000-7f58d8db8000 r--p 00041000 08:02 3452626                    /usr/lib/libGLdispatch.so.0.0.0
7f58d8db8000-7f58d8dd4000 r--p 00054000 08:02 3452626                    /usr/lib/libGLdispatch.so.0.0.0
7f58d8dd4000-7f58d8dd5000 rw-p 00070000 08:02 3452626                    /usr/lib/libGLdispatch.so.0.0.0
7f58d8dd5000-7f58d8ddd000 rw-p 00000000 00:00 0 
7f58d8ddd000-7f58d8e04000 r--s 00000000 08:02 1355522                    /home/emn4tor/.cache/fontconfig/f2e43df3287529323e79e7929dc44cc9-le64.cache-9
7f58d8e04000-7f58d8e0f000 r--s 00000000 08:02 1358506                    /home/emn4tor/.cache/fontconfig/4b31aef11cb0687b6d280d34cbe23592-le64.cache-9
7f58d8e0f000-7f58d8eff000 rw-s 00000000 00:01 29750                      /memfd:wayland-cursor (deleted)
7f58d8eff000-7f58d8f01000 r--p 00000000 08:02 3452655                    /usr/lib/libthai.so.0.3.1
7f58d8f01000-7f58d8f05000 r-xp 00002000 08:02 3452655                    /usr/lib/libthai.so.0.3.1
7f58d8f05000-7f58d8f08000 r--p 00006000 08:02 3452655                    /usr/lib/libthai.so.0.3.1
7f58d8f08000-7f58d8f09000 r--p 00008000 08:02 3452655                    /usr/lib/libthai.so.0.3.1
7f58d8f09000-7f58d8f0a000 rw-p 00009000 08:02 3452655                    /usr/lib/libthai.so.0.3.1
7f58d8f14000-7f58d8f17000 r--p 00000000 08:02 3433822                    /usr/lib/libelf-0.194.so
7f58d8f17000-7f58d8f2a000 r-xp 00003000 08:02 3433822                    /usr/lib/libelf-0.194.so
7f58d8f2a000-7f58d8f2e000 r--p 00016000 08:02 3433822                    /usr/lib/libelf-0.194.so
7f58d8f2e000-7f58d8f2f000 r--p 0001a000 08:02 3433822                    /usr/lib/libelf-0.194.so
7f58d8f2f000-7f58d8f30000 rw-p 0001b000 08:02 3433822                    /usr/lib/libelf-0.194.so
7f58d8f30000-7f58d8f36000 r--p 00000000 08:02 3446608                    /usr/lib/libfreetype.so.6.20.4
7f58d8f36000-7f58d8fce000 r-xp 00006000 08:02 3446608                    /usr/lib/libfreetype.so.6.20.4
7f58d8fce000-7f58d8ff7000 r--p 0009e000 08:02 3446608                    /usr/lib/libfreetype.so.6.20.4
7f58d8ff7000-7f58d8fff000 r--p 000c6000 08:02 3446608                    /usr/lib/libfreetype.so.6.20.4
7f58d8fff000-7f58d9000000 rw-p 000ce000 08:02 3446608                    /usr/lib/libfreetype.so.6.20.4
7f58d9000000-7f58d9007000 r-xp 00000000 08:02 2118936                    /home/emn4tor/.jdks/corretto-21.0.8/lib/libzip.so
7f58d9007000-7f58d9206000 ---p 00007000 08:02 2118936                    /home/emn4tor/.jdks/corretto-21.0.8/lib/libzip.so
7f58d9206000-7f58d9207000 r--p 00006000 08:02 2118936                    /home/emn4tor/.jdks/corretto-21.0.8/lib/libzip.so
7f58d9207000-7f58d9208000 rw-p 00000000 00:00 0 
7f58d920f000-7f58d9217000 r--s 00000000 08:02 1359648                    /home/emn4tor/.cache/fontconfig/39a076584e5f1226728187f87418fb39-le64.cache-9
7f58d9217000-7f58d921d000 r--s 00000000 08:02 1359639                    /home/emn4tor/.cache/fontconfig/b67b32625a2bb51b023d3814a918f351-le64.cache-9
7f58d921d000-7f58d921f000 r--p 00000000 08:02 3451332                    /usr/lib/libfribidi.so.0.4.0
7f58d921f000-7f58d9224000 r-xp 00002000 08:02 3451332                    /usr/lib/libfribidi.so.0.4.0
7f58d9224000-7f58d923b000 r--p 00007000 08:02 3451332                    /usr/lib/libfribidi.so.0.4.0
7f58d923b000-7f58d923c000 r--p 0001d000 08:02 3451332                    /usr/lib/libfribidi.so.0.4.0
7f58d923c000-7f58d923d000 rw-p 0001e000 08:02 3451332                    /usr/lib/libfribidi.so.0.4.0
7f58d923d000-7f58d924b000 r--p 00000000 08:02 3452667                    /usr/lib/libpango-1.0.so.0.5700.0
7f58d924b000-7f58d9289000 r-xp 0000e000 08:02 3452667                    /usr/lib/libpango-1.0.so.0.5700.0
7f58d9289000-7f58d92a3000 r--p 0004c000 08:02 3452667                    /usr/lib/libpango-1.0.so.0.5700.0
7f58d92a3000-7f58d92a7000 r--p 00065000 08:02 3452667                    /usr/lib/libpango-1.0.so.0.5700.0
7f58d92a7000-7f58d92a8000 rw-p 00069000 08:02 3452667                    /usr/lib/libpango-1.0.so.0.5700.0
7f58d92a8000-7f58d92c6000 r--p 00000000 08:02 3431951                    /usr/lib/libglib-2.0.so.0.8600.3
7f58d92c6000-7f58d936d000 r-xp 0001e000 08:02 3431951                    /usr/lib/libglib-2.0.so.0.8600.3
7f58d936d000-7f58d93fd000 r--p 000c5000 08:02 3431951                    /usr/lib/libglib-2.0.so.0.8600.3
7f58d93fd000-7f58d93fe000 r--p 00155000 08:02 3431951                    /usr/lib/libglib-2.0.so.0.8600.3
7f58d93fe000-7f58d93ff000 rw-p 00156000 08:02 3431951                    /usr/lib/libglib-2.0.so.0.8600.3
7f58d93ff000-7f58d9400000 rw-p 00000000 00:00 0 
7f58d9400000-7f58d940b000 r-xp 00000000 08:02 2118938                    /home/emn4tor/.jdks/corretto-21.0.8/lib/libnet.so
7f58d940b000-7f58d960a000 ---p 0000b000 08:02 2118938                    /home/emn4tor/.jdks/corretto-21.0.8/lib/libnet.so
7f58d960a000-7f58d960b000 r--p 0000a000 08:02 2118938                    /home/emn4tor/.jdks/corretto-21.0.8/lib/libnet.so
7f58d960b000-7f58d960c000 rw-p 00000000 00:00 0 
7f58d960c000-7f58d960e000 r--p 00000000 08:02 3446913                    /usr/lib/libXdmcp.so.6.0.0
7f58d960e000-7f58d9610000 r-xp 00002000 08:02 3446913                    /usr/lib/libXdmcp.so.6.0.0
7f58d9610000-7f58d9612000 r--p 00004000 08:02 3446913                    /usr/lib/libXdmcp.so.6.0.0
7f58d9612000-7f58d9613000 r--p 00005000 08:02 3446913                    /usr/lib/libXdmcp.so.6.0.0
7f58d9613000-7f58d9614000 rw-p 00006000 08:02 3446913                    /usr/lib/libXdmcp.so.6.0.0
7f58d9614000-7f58d9619000 r--p 00000000 08:02 3451023                    /usr/lib/libpixman-1.so.0.46.4
7f58d9619000-7f58d96aa000 r-xp 00005000 08:02 3451023                    /usr/lib/libpixman-1.so.0.46.4
7f58d96aa000-7f58d96ba000 r--p 00096000 08:02 3451023                    /usr/lib/libpixman-1.so.0.46.4
7f58d96ba000-7f58d96c2000 r--p 000a6000 08:02 3451023                    /usr/lib/libpixman-1.so.0.46.4
7f58d96c2000-7f58d96c3000 rw-p 000ae000 08:02 3451023                    /usr/lib/libpixman-1.so.0.46.4
7f58d96c3000-7f58d96d1000 r--p 00000000 08:02 3451034                    /usr/lib/libcairo.so.2.11804.4
7f58d96d1000-7f58d97c4000 r-xp 0000e000 08:02 3451034                    /usr/lib/libcairo.so.2.11804.4
7f58d97c4000-7f58d97f9000 r--p 00101000 08:02 3451034                    /usr/lib/libcairo.so.2.11804.4
7f58d97f9000-7f58d97fd000 r--p 00136000 08:02 3451034                    /usr/lib/libcairo.so.2.11804.4
7f58d97fd000-7f58d97ff000 rw-p 0013a000 08:02 3451034                    /usr/lib/libcairo.so.2.11804.4
7f58d97ff000-7f58d9800000 rw-p 00000000 00:00 0 
7f58d9800000-7f58d9813000 r-xp 00000000 08:02 2118933                    /home/emn4tor/.jdks/corretto-21.0.8/lib/libnio.so
7f58d9813000-7f58d9a12000 ---p 00013000 08:02 2118933                    /home/emn4tor/.jdks/corretto-21.0.8/lib/libnio.so
7f58d9a12000-7f58d9a13000 r--p 00012000 08:02 2118933                    /home/emn4tor/.jdks/corretto-21.0.8/lib/libnio.so
7f58d9a13000-7f58d9a14000 rw-p 00013000 08:02 2118933                    /home/emn4tor/.jdks/corretto-21.0.8/lib/libnio.so
7f58d9a24000-7f58d9a27000 r--p 00000000 08:02 3452467                    /usr/lib/libdrm_amdgpu.so.1.131.0
7f58d9a27000-7f58d9a2d000 r-xp 00003000 08:02 3452467                    /usr/lib/libdrm_amdgpu.so.1.131.0
7f58d9a2d000-7f58d9a2f000 r--p 00009000 08:02 3452467                    /usr/lib/libdrm_amdgpu.so.1.131.0
7f58d9a2f000-7f58d9a30000 r--p 0000a000 08:02 3452467                    /usr/lib/libdrm_amdgpu.so.1.131.0
7f58d9a30000-7f58d9a31000 rw-p 0000b000 08:02 3452467                    /usr/lib/libdrm_amdgpu.so.1.131.0
7f58d9a31000-7f58d9a39000 r--p 00000000 08:02 3452681                    /usr/lib/libpangoft2-1.0.so.0.5700.0
7f58d9a39000-7f58d9a48000 r-xp 00008000 08:02 3452681                    /usr/lib/libpangoft2-1.0.so.0.5700.0
7f58d9a48000-7f58d9a4d000 r--p 00017000 08:02 3452681                    /usr/lib/libpangoft2-1.0.so.0.5700.0
7f58d9a4d000-7f58d9a4e000 r--p 0001c000 08:02 3452681                    /usr/lib/libpangoft2-1.0.so.0.5700.0
7f58d9a4e000-7f58d9a4f000 rw-p 0001d000 08:02 3452681                    /usr/lib/libpangoft2-1.0.so.0.5700.0
7f58d9a4f000-7f58d9a55000 r--p 00000000 08:02 3446620                    /usr/lib/libfontconfig.so.1.16.0
7f58d9a55000-7f58d9a86000 r-xp 00006000 08:02 3446620                    /usr/lib/libfontconfig.so.1.16.0
7f58d9a86000-7f58d9a9d000 r--p 00037000 08:02 3446620                    /usr/lib/libfontconfig.so.1.16.0
7f58d9a9d000-7f58d9a9f000 r--p 0004d000 08:02 3446620                    /usr/lib/libfontconfig.so.1.16.0
7f58d9a9f000-7f58d9aa0000 rw-p 0004f000 08:02 3446620                    /usr/lib/libfontconfig.so.1.16.0
7f58d9aa0000-7f58d9aac000 r--p 00000000 08:02 3431963                    /usr/lib/libgobject-2.0.so.0.8600.3
7f58d9aac000-7f58d9ae3000 r-xp 0000c000 08:02 3431963                    /usr/lib/libgobject-2.0.so.0.8600.3
7f58d9ae3000-7f58d9afb000 r--p 00043000 08:02 3431963                    /usr/lib/libgobject-2.0.so.0.8600.3
7f58d9afb000-7f58d9afe000 r--p 0005b000 08:02 3431963                    /usr/lib/libgobject-2.0.so.0.8600.3
7f58d9afe000-7f58d9aff000 rw-p 0005e000 08:02 3431963                    /usr/lib/libgobject-2.0.so.0.8600.3
7f58d9aff000-7f58d9b00000 rw-p 00000000 00:00 0 
7f58d9b00000-7f58d9b04000 ---p 00000000 00:00 0 
7f58d9b04000-7f58d9c00000 rw-p 00000000 00:00 0 
7f58d9c00000-7f58d9cce000 r-xp 00000000 08:02 2118942                    /home/emn4tor/.jdks/corretto-21.0.8/lib/libjsvml.so
7f58d9cce000-7f58d9ecd000 ---p 000ce000 08:02 2118942                    /home/emn4tor/.jdks/corretto-21.0.8/lib/libjsvml.so
7f58d9ecd000-7f58d9ece000 r--p 000cd000 08:02 2118942                    /home/emn4tor/.jdks/corretto-21.0.8/lib/libjsvml.so
7f58d9ece000-7f58d9ecf000 rw-p 000ce000 08:02 2118942                    /home/emn4tor/.jdks/corretto-21.0.8/lib/libjsvml.so
7f58d9ecf000-7f58d9ed0000 r--p 00000000 08:02 3446917                    /usr/lib/libXau.so.6.0.0
7f58d9ed0000-7f58d9ed1000 r-xp 00001000 08:02 3446917                    /usr/lib/libXau.so.6.0.0
7f58d9ed1000-7f58d9ed2000 r--p 00002000 08:02 3446917                    /usr/lib/libXau.so.6.0.0
7f58d9ed2000-7f58d9ed3000 r--p 00002000 08:02 3446917                    /usr/lib/libXau.so.6.0.0
7f58d9ed3000-7f58d9ed4000 rw-p 00003000 08:02 3446917                    /usr/lib/libXau.so.6.0.0
7f58d9ed4000-7f58d9ee0000 r--p 00000000 08:02 3447002                    /usr/lib/libxcb.so.1.1.0
7f58d9ee0000-7f58d9ef4000 r-xp 0000c000 08:02 3447002                    /usr/lib/libxcb.so.1.1.0
7f58d9ef4000-7f58d9efd000 r--p 00020000 08:02 3447002                    /usr/lib/libxcb.so.1.1.0
7f58d9efd000-7f58d9efe000 r--p 00028000 08:02 3447002                    /usr/lib/libxcb.so.1.1.0
7f58d9efe000-7f58d9eff000 rw-p 00029000 08:02 3447002                    /usr/lib/libxcb.so.1.1.0
7f58d9eff000-7f58d9f00000 rw-p 00000000 00:00 0 
7f58d9f00000-7f58d9f04000 ---p 00000000 00:00 0 
7f58d9f04000-7f58da000000 rw-p 00000000 00:00 0 
7f58da000000-7f58dc021000 rw-p 00000000 00:00 0 
7f58dc021000-7f58e0000000 ---p 00000000 00:00 0 
7f58e0000000-7f58e0021000 rw-p 00000000 00:00 0 
7f58e0021000-7f58e4000000 ---p 00000000 00:00 0 
7f58e4000000-7f58e4021000 rw-p 00000000 00:00 0 
7f58e4021000-7f58e8000000 ---p 00000000 00:00 0 
7f58e8000000-7f58e8002000 r--p 00000000 08:02 3452440                    /usr/lib/libpciaccess.so.0.11.1
7f58e8002000-7f58e8007000 r-xp 00002000 08:02 3452440                    /usr/lib/libpciaccess.so.0.11.1
7f58e8007000-7f58e8009000 r--p 00007000 08:02 3452440                    /usr/lib/libpciaccess.so.0.11.1
7f58e8009000-7f58e800a000 r--p 00008000 08:02 3452440                    /usr/lib/libpciaccess.so.0.11.1
7f58e800a000-7f58e800b000 rw-p 00009000 08:02 3452440                    /usr/lib/libpciaccess.so.0.11.1
7f58e800b000-7f58e800c000 r--p 00000000 08:02 3452479                    /usr/lib/libxshmfence.so.1.0.0
7f58e800c000-7f58e800d000 r-xp 00001000 08:02 3452479                    /usr/lib/libxshmfence.so.1.0.0
7f58e800d000-7f58e800e000 r--p 00002000 08:02 3452479                    /usr/lib/libxshmfence.so.1.0.0
7f58e800e000-7f58e800f000 r--p 00002000 08:02 3452479                    /usr/lib/libxshmfence.so.1.0.0
7f58e800f000-7f58e8010000 rw-p 00003000 08:02 3452479                    /usr/lib/libxshmfence.so.1.0.0
7f58e8010000-7f58e8013000 r--p 00000000 08:02 3446975                    /usr/lib/libxcb-sync.so.1.0.0
7f58e8013000-7f58e8016000 r-xp 00003000 08:02 3446975                    /usr/lib/libxcb-sync.so.1.0.0
7f58e8016000-7f58e8017000 r--p 00006000 08:02 3446975                    /usr/lib/libxcb-sync.so.1.0.0
7f58e8017000-7f58e8018000 r--p 00007000 08:02 3446975                    /usr/lib/libxcb-sync.so.1.0.0
7f58e8018000-7f58e8019000 rw-p 00008000 08:02 3446975                    /usr/lib/libxcb-sync.so.1.0.0
7f58e8019000-7f58e801b000 r--p 00000000 08:02 3452528                    /usr/lib/libsensors.so.5.0.0
7f58e801b000-7f58e8023000 r-xp 00002000 08:02 3452528                    /usr/lib/libsensors.so.5.0.0
7f58e8023000-7f58e8027000 r--p 0000a000 08:02 3452528                    /usr/lib/libsensors.so.5.0.0
7f58e8027000-7f58e8028000 r--p 0000e000 08:02 3452528                    /usr/lib/libsensors.so.5.0.0
7f58e8028000-7f58e8029000 rw-p 0000f000 08:02 3452528                    /usr/lib/libsensors.so.5.0.0
7f58e8029000-7f58e80f9000 rw-s 00000000 00:01 29749                      /memfd:wayland-cursor (deleted)
7f58e80f9000-7f58e80fa000 rw-p 00000000 00:00 0 
7f58e80fa000-7f58e80fe000 ---p 00000000 00:00 0 
7f58e80fe000-7f58e81fb000 rw-p 00000000 00:00 0 
7f58e81fb000-7f58e81ff000 ---p 00000000 00:00 0 
7f58e81ff000-7f58e82fc000 rw-p 00000000 00:00 0 
7f58e82fc000-7f58e8300000 ---p 00000000 00:00 0 
7f58e8300000-7f58e83fd000 rw-p 00000000 00:00 0 
7f58e83fd000-7f58e8401000 ---p 00000000 00:00 0 
7f58e8401000-7f58e84fe000 rw-p 00000000 00:00 0 
7f58e84fe000-7f58e8502000 ---p 00000000 00:00 0 
7f58e8502000-7f58e85ff000 rw-p 00000000 00:00 0 
7f58e85ff000-7f58e8603000 ---p 00000000 00:00 0 
7f58e8603000-7f58e8700000 rw-p 00000000 00:00 0 
7f58e8700000-7f58e8704000 ---p 00000000 00:00 0 
7f58e8704000-7f58e8800000 rw-p 00000000 00:00 0 
7f58e8800000-7f58e8b47000 r--p 00000000 08:02 3459828                    /usr/lib/locale/locale-archive
7f58e8b48000-7f58e8b4d000 r--p 00000000 08:02 3452460                    /usr/lib/libdrm.so.2.131.0
7f58e8b4d000-7f58e8b59000 r-xp 00005000 08:02 3452460                    /usr/lib/libdrm.so.2.131.0
7f58e8b59000-7f58e8b5d000 r--p 00011000 08:02 3452460                    /usr/lib/libdrm.so.2.131.0
7f58e8b5d000-7f58e8b5e000 r--p 00015000 08:02 3452460                    /usr/lib/libdrm.so.2.131.0
7f58e8b5e000-7f58e8b5f000 rw-p 00016000 08:02 3452460                    /usr/lib/libdrm.so.2.131.0
7f58e8b5f000-7f58e8b6d000 r--p 00000000 08:02 3432988                    /usr/lib/libdbus-1.so.3.38.3
7f58e8b6d000-7f58e8b9e000 r-xp 0000e000 08:02 3432988                    /usr/lib/libdbus-1.so.3.38.3
7f58e8b9e000-7f58e8baf000 r--p 0003f000 08:02 3432988                    /usr/lib/libdbus-1.so.3.38.3
7f58e8baf000-7f58e8bb1000 r--p 0004f000 08:02 3432988                    /usr/lib/libdbus-1.so.3.38.3
7f58e8bb1000-7f58e8bb2000 rw-p 00051000 08:02 3432988                    /usr/lib/libdbus-1.so.3.38.3
7f58e8bb2000-7f58e8bb6000 r--p 00000000 08:02 3452891                    /usr/lib/libxkbcommon.so.0.13.1
7f58e8bb6000-7f58e8be4000 r-xp 00004000 08:02 3452891                    /usr/lib/libxkbcommon.so.0.13.1
7f58e8be4000-7f58e8c0c000 r--p 00032000 08:02 3452891                    /usr/lib/libxkbcommon.so.0.13.1
7f58e8c0c000-7f58e8c0e000 r--p 0005a000 08:02 3452891                    /usr/lib/libxkbcommon.so.0.13.1
7f58e8c0e000-7f58e8c0f000 rw-p 0005c000 08:02 3452891                    /usr/lib/libxkbcommon.so.0.13.1
7f58e8c0f000-7f58e8c10000 rw-p 00000000 00:00 0 
7f58e8c10000-7f58e8c14000 ---p 00000000 00:00 0 
7f58e8c14000-7f58e9114000 rw-p 00000000 00:00 0 
7f58e9114000-7f58e9b1e000 rw-p 00000000 00:00 0 
7f58e9b1e000-7f58e9e21000 rw-p 00000000 00:00 0 
7f58e9e21000-7f58ea5e1000 rw-p 00000000 00:00 0 
7f58ea5e1000-7f58f19f1000 ---p 00000000 00:00 0 
7f58f19f1000-7f58f1af9000 rw-p 00000000 00:00 0 
7f58f1af9000-7f58f297b000 ---p 00000000 00:00 0 
7f58f297b000-7f58f2a75000 rw-p 00000000 00:00 0 
7f58f2a75000-7f58f38f7000 ---p 00000000 00:00 0 
7f58f38f7000-7f58f4000000 rw-p 00000000 00:00 0 
7f58f4000000-7f58f4270000 rwxp 00000000 00:00 0 
7f58f4270000-7f58fb537000 ---p 00000000 00:00 0 
7f58fb537000-7f58fb7a7000 rwxp 00000000 00:00 0 
7f58fb7a7000-7f58fbac9000 ---p 00000000 00:00 0 
7f58fbac9000-7f58fbd39000 rwxp 00000000 00:00 0 
7f58fbd39000-7f5903000000 ---p 00000000 00:00 0 
7f5903000000-7f5903020000 r-xp 00000000 08:02 2118902                    /home/emn4tor/.jdks/corretto-21.0.8/lib/libjava.so
7f5903020000-7f590321f000 ---p 00020000 08:02 2118902                    /home/emn4tor/.jdks/corretto-21.0.8/lib/libjava.so
7f590321f000-7f5903220000 r--p 0001f000 08:02 2118902                    /home/emn4tor/.jdks/corretto-21.0.8/lib/libjava.so
7f5903220000-7f5903221000 rw-p 00020000 08:02 2118902                    /home/emn4tor/.jdks/corretto-21.0.8/lib/libjava.so
7f5903221000-7f5903222000 rw-p 00000000 00:00 0 
7f5903223000-7f590322a000 r--p 00000000 08:02 3446954                    /usr/lib/libxcb-randr.so.0.1.0
7f590322a000-7f5903230000 r-xp 00007000 08:02 3446954                    /usr/lib/libxcb-randr.so.0.1.0
7f5903230000-7f5903233000 r--p 0000d000 08:02 3446954                    /usr/lib/libxcb-randr.so.0.1.0
7f5903233000-7f5903234000 r--p 00010000 08:02 3446954                    /usr/lib/libxcb-randr.so.0.1.0
7f5903234000-7f5903235000 rw-p 00011000 08:02 3446954                    /usr/lib/libxcb-randr.so.0.1.0
7f5903235000-7f590323b000 r--p 00000000 08:02 3446581                    /usr/lib/libpng16.so.16.53.0
7f590323b000-7f5903265000 r-xp 00006000 08:02 3446581                    /usr/lib/libpng16.so.16.53.0
7f5903265000-7f590326e000 r--p 00030000 08:02 3446581                    /usr/lib/libpng16.so.16.53.0
7f590326e000-7f590326f000 r--p 00038000 08:02 3446581                    /usr/lib/libpng16.so.16.53.0
7f590326f000-7f5903270000 rw-p 00039000 08:02 3446581                    /usr/lib/libpng16.so.16.53.0
7f5903270000-7f590327f000 r--p 00000000 00:2a 6985                       /tmp/lwjgl_emn4tor/3.3.4+7/x64/libglfw.so
7f590327f000-7f59032a0000 r-xp 0000f000 00:2a 6985                       /tmp/lwjgl_emn4tor/3.3.4+7/x64/libglfw.so
7f59032a0000-7f59032d4000 r--p 00030000 00:2a 6985                       /tmp/lwjgl_emn4tor/3.3.4+7/x64/libglfw.so
7f59032d4000-7f59032d5000 ---p 00064000 00:2a 6985                       /tmp/lwjgl_emn4tor/3.3.4+7/x64/libglfw.so
7f59032d5000-7f59032d9000 r--p 00064000 00:2a 6985                       /tmp/lwjgl_emn4tor/3.3.4+7/x64/libglfw.so
7f59032d9000-7f59032dc000 rw-p 00068000 00:2a 6985                       /tmp/lwjgl_emn4tor/3.3.4+7/x64/libglfw.so
7f59032dc000-7f5903400000 rw-p 00000000 00:00 0 
7f5903400000-7f590bb6b000 r--s 00000000 08:02 2118915                    /home/emn4tor/.jdks/corretto-21.0.8/lib/modules
7f590bb6b000-7f590bb6d000 r--p 00000000 08:02 3446945                    /usr/lib/libxcb-dri3.so.0.1.0
7f590bb6d000-7f590bb6f000 r-xp 00002000 08:02 3446945                    /usr/lib/libxcb-dri3.so.0.1.0
7f590bb6f000-7f590bb70000 r--p 00004000 08:02 3446945                    /usr/lib/libxcb-dri3.so.0.1.0
7f590bb70000-7f590bb71000 r--p 00004000 08:02 3446945                    /usr/lib/libxcb-dri3.so.0.1.0
7f590bb71000-7f590bb72000 rw-p 00005000 08:02 3446945                    /usr/lib/libxcb-dri3.so.0.1.0
7f590bb72000-7f590bb77000 r--p 00000000 08:02 3452676                    /usr/lib/libpangocairo-1.0.so.0.5700.0
7f590bb77000-7f590bb7e000 r-xp 00005000 08:02 3452676                    /usr/lib/libpangocairo-1.0.so.0.5700.0
7f590bb7e000-7f590bb80000 r--p 0000c000 08:02 3452676                    /usr/lib/libpangocairo-1.0.so.0.5700.0
7f590bb80000-7f590bb81000 r--p 0000e000 08:02 3452676                    /usr/lib/libpangocairo-1.0.so.0.5700.0
7f590bb81000-7f590bb82000 rw-p 0000f000 08:02 3452676                    /usr/lib/libpangocairo-1.0.so.0.5700.0
7f590bb82000-7f590bb84000 r--p 00000000 08:02 3431959                    /usr/lib/libgmodule-2.0.so.0.8600.3
7f590bb84000-7f590bb86000 r-xp 00002000 08:02 3431959                    /usr/lib/libgmodule-2.0.so.0.8600.3
7f590bb86000-7f590bb87000 r--p 00004000 08:02 3431959                    /usr/lib/libgmodule-2.0.so.0.8600.3
7f590bb87000-7f590bb88000 r--p 00004000 08:02 3431959                    /usr/lib/libgmodule-2.0.so.0.8600.3
7f590bb88000-7f590bb89000 rw-p 00005000 08:02 3431959                    /usr/lib/libgmodule-2.0.so.0.8600.3
7f590bb89000-7f590bbb3000 r--p 00000000 00:2a 6984                       /tmp/lwjgl_emn4tor/3.3.4+7/x64/liblwjgl.so
7f590bbb3000-7f590bbe5000 r-xp 0002a000 00:2a 6984                       /tmp/lwjgl_emn4tor/3.3.4+7/x64/liblwjgl.so
7f590bbe5000-7f590bbfe000 r--p 0005c000 00:2a 6984                       /tmp/lwjgl_emn4tor/3.3.4+7/x64/liblwjgl.so
7f590bbfe000-7f590bbff000 r--p 00074000 00:2a 6984                       /tmp/lwjgl_emn4tor/3.3.4+7/x64/liblwjgl.so
7f590bbff000-7f590bc00000 rw-p 00075000 00:2a 6984                       /tmp/lwjgl_emn4tor/3.3.4+7/x64/liblwjgl.so
7f590bc00000-7f590bc1b000 r-xp 00000000 08:02 2118900                    /home/emn4tor/.jdks/corretto-21.0.8/lib/libjimage.so
7f590bc1b000-7f590be1a000 ---p 0001b000 08:02 2118900                    /home/emn4tor/.jdks/corretto-21.0.8/lib/libjimage.so
7f590be1a000-7f590be1c000 r--p 0001a000 08:02 2118900                    /home/emn4tor/.jdks/corretto-21.0.8/lib/libjimage.so
7f590be1c000-7f590be1d000 rw-p 0001c000 08:02 2118900                    /home/emn4tor/.jdks/corretto-21.0.8/lib/libjimage.so
7f590be1e000-7f590be1f000 r--p 00000000 08:02 3446951                    /usr/lib/libxcb-present.so.0.0.0
7f590be1f000-7f590be20000 r-xp 00001000 08:02 3446951                    /usr/lib/libxcb-present.so.0.0.0
7f590be20000-7f590be21000 r--p 00002000 08:02 3446951                    /usr/lib/libxcb-present.so.0.0.0
7f590be21000-7f590be22000 r--p 00002000 08:02 3446951                    /usr/lib/libxcb-present.so.0.0.0
7f590be22000-7f590be23000 rw-p 00003000 08:02 3446951                    /usr/lib/libxcb-present.so.0.0.0
7f590be23000-7f590ca58000 rw-p 00000000 00:00 0 
7f590ca58000-7f5910000000 ---p 00000000 00:00 0 
7f5910000000-7f5910001000 r--p 00000000 08:02 3446972                    /usr/lib/libxcb-shm.so.0.0.0
7f5910001000-7f5910002000 r-xp 00001000 08:02 3446972                    /usr/lib/libxcb-shm.so.0.0.0
7f5910002000-7f5910003000 r--p 00002000 08:02 3446972                    /usr/lib/libxcb-shm.so.0.0.0
7f5910003000-7f5910004000 r--p 00002000 08:02 3446972                    /usr/lib/libxcb-shm.so.0.0.0
7f5910004000-7f5910005000 rw-p 00003000 08:02 3446972                    /usr/lib/libxcb-shm.so.0.0.0
7f5910005000-7f591000b000 r--p 00000000 08:02 3446960                    /usr/lib/libxcb-render.so.0.0.0
7f591000b000-7f5910010000 r-xp 00006000 08:02 3446960                    /usr/lib/libxcb-render.so.0.0.0
7f5910010000-7f5910012000 r--p 0000b000 08:02 3446960                    /usr/lib/libxcb-render.so.0.0.0
7f5910012000-7f5910013000 r--p 0000d000 08:02 3446960                    /usr/lib/libxcb-render.so.0.0.0
7f5910013000-7f5910014000 rw-p 0000e000 08:02 3446960                    /usr/lib/libxcb-render.so.0.0.0
7f5910014000-7f5910018000 r--p 00000000 08:02 3450158                    /usr/lib/libXext.so.6.4.0
7f5910018000-7f5910023000 r-xp 00004000 08:02 3450158                    /usr/lib/libXext.so.6.4.0
7f5910023000-7f5910027000 r--p 0000f000 08:02 3450158                    /usr/lib/libXext.so.6.4.0
7f5910027000-7f5910028000 r--p 00012000 08:02 3450158                    /usr/lib/libXext.so.6.4.0
7f5910028000-7f5910029000 rw-p 00013000 08:02 3450158                    /usr/lib/libXext.so.6.4.0
7f5910029000-7f591012f000 rw-p 00000000 00:00 0 
7f591012f000-7f5910215000 ---p 00000000 00:00 0 
7f5910215000-7f591021a000 rw-p 00000000 00:00 0 
7f591021a000-7f5910300000 ---p 00000000 00:00 0 
7f5910300000-7f5910304000 ---p 00000000 00:00 0 
7f5910304000-7f5910400000 rw-p 00000000 00:00 0 
7f5910400000-7f5911863000 r-xp 00000000 08:02 2118922                    /home/emn4tor/.jdks/corretto-21.0.8/lib/server/libjvm.so
7f5911863000-7f5911a62000 ---p 01463000 08:02 2118922                    /home/emn4tor/.jdks/corretto-21.0.8/lib/server/libjvm.so
7f5911a62000-7f5911b37000 r--p 01462000 08:02 2118922                    /home/emn4tor/.jdks/corretto-21.0.8/lib/server/libjvm.so
7f5911b37000-7f5911b67000 rw-p 01537000 08:02 2118922                    /home/emn4tor/.jdks/corretto-21.0.8/lib/server/libjvm.so
7f5911b67000-7f5911bcd000 rw-p 00000000 00:00 0 
7f5911bcd000-7f5911bd0000 r--s 00000000 08:02 1359206                    /home/emn4tor/.cache/fontconfig/6ba42ae0000f58711b5caaf10d690066-le64.cache-9
7f5911bd0000-7f5911bd3000 r--p 00000000 08:02 3446981                    /usr/lib/libxcb-xfixes.so.0.0.0
7f5911bd3000-7f5911bd6000 r-xp 00003000 08:02 3446981                    /usr/lib/libxcb-xfixes.so.0.0.0
7f5911bd6000-7f5911bd7000 r--p 00006000 08:02 3446981                    /usr/lib/libxcb-xfixes.so.0.0.0
7f5911bd7000-7f5911bd8000 r--p 00007000 08:02 3446981                    /usr/lib/libxcb-xfixes.so.0.0.0
7f5911bd8000-7f5911bd9000 rw-p 00008000 08:02 3446981                    /usr/lib/libxcb-xfixes.so.0.0.0
7f5911bd9000-7f5911bda000 r--p 00000000 08:02 3449342                    /usr/lib/libX11-xcb.so.1.0.0
7f5911bda000-7f5911bdb000 r-xp 00001000 08:02 3449342                    /usr/lib/libX11-xcb.so.1.0.0
7f5911bdb000-7f5911bdc000 r--p 00002000 08:02 3449342                    /usr/lib/libX11-xcb.so.1.0.0
7f5911bdc000-7f5911bdd000 r--p 00002000 08:02 3449342                    /usr/lib/libX11-xcb.so.1.0.0
7f5911bdd000-7f5911bde000 rw-p 00003000 08:02 3449342                    /usr/lib/libX11-xcb.so.1.0.0
7f5911bde000-7f5911be0000 r--p 00000000 08:02 3452614                    /usr/lib/libEGL.so.1.1.0
7f5911be0000-7f5911bea000 r-xp 00002000 08:02 3452614                    /usr/lib/libEGL.so.1.1.0
7f5911bea000-7f5911bee000 r--p 0000c000 08:02 3452614                    /usr/lib/libEGL.so.1.1.0
7f5911bee000-7f5911bef000 r--p 0000f000 08:02 3452614                    /usr/lib/libEGL.so.1.1.0
7f5911bef000-7f5911bf0000 rw-p 00010000 08:02 3452614                    /usr/lib/libEGL.so.1.1.0
7f5911bf0000-7f5911bf4000 r--p 00000000 08:02 3685855                    /usr/lib/libdecor/plugins-1/libdecor-cairo.so
7f5911bf4000-7f5911bfa000 r-xp 00004000 08:02 3685855                    /usr/lib/libdecor/plugins-1/libdecor-cairo.so
7f5911bfa000-7f5911bfc000 r--p 0000a000 08:02 3685855                    /usr/lib/libdecor/plugins-1/libdecor-cairo.so
7f5911bfc000-7f5911bff000 r--p 0000b000 08:02 3685855                    /usr/lib/libdecor/plugins-1/libdecor-cairo.so
7f5911bff000-7f5911c00000 rw-p 0000e000 08:02 3685855                    /usr/lib/libdecor/plugins-1/libdecor-cairo.so
7f5911c00000-7f5911c24000 r--p 00000000 08:02 3411288                    /usr/lib/libc.so.6
7f5911c24000-7f5911d95000 r-xp 00024000 08:02 3411288                    /usr/lib/libc.so.6
7f5911d95000-7f5911e04000 r--p 00195000 08:02 3411288                    /usr/lib/libc.so.6
7f5911e04000-7f5911e08000 r--p 00203000 08:02 3411288                    /usr/lib/libc.so.6
7f5911e08000-7f5911e0a000 rw-p 00207000 08:02 3411288                    /usr/lib/libc.so.6
7f5911e0a000-7f5911e12000 rw-p 00000000 00:00 0 
7f5911e15000-7f5911e17000 r--p 00000000 08:02 3450568                    /usr/lib/libXrender.so.1.3.0
7f5911e17000-7f5911e1e000 r-xp 00002000 08:02 3450568                    /usr/lib/libXrender.so.1.3.0
7f5911e1e000-7f5911e1f000 r--p 00009000 08:02 3450568                    /usr/lib/libXrender.so.1.3.0
7f5911e1f000-7f5911e20000 r--p 00009000 08:02 3450568                    /usr/lib/libXrender.so.1.3.0
7f5911e20000-7f5911e21000 rw-p 0000a000 08:02 3450568                    /usr/lib/libXrender.so.1.3.0
7f5911e22000-7f5911e24000 r--p 00000000 00:01 4098                       /memfd:kwin-dmabuf-feedback-table (deleted)
7f5911e24000-7f5911e26000 r--p 00000000 08:02 3453760                    /usr/lib/libgbm.so.1.0.0
7f5911e26000-7f5911e27000 r-xp 00002000 08:02 3453760                    /usr/lib/libgbm.so.1.0.0
7f5911e27000-7f5911e28000 r--p 00003000 08:02 3453760                    /usr/lib/libgbm.so.1.0.0
7f5911e28000-7f5911e29000 r--p 00003000 08:02 3453760                    /usr/lib/libgbm.so.1.0.0
7f5911e29000-7f5911e2a000 rw-p 00004000 08:02 3453760                    /usr/lib/libgbm.so.1.0.0
7f5911e2a000-7f5911e31000 r--s 00000000 08:02 3459834                    /usr/lib/gconv/gconv-modules.cache
7f5911e31000-7f5911ef2000 rw-p 00000000 00:00 0 
7f5911ef2000-7f5911f01000 r--p 00000000 08:02 3411300                    /usr/lib/libm.so.6
7f5911f01000-7f5911f8c000 r-xp 0000f000 08:02 3411300                    /usr/lib/libm.so.6
7f5911f8c000-7f5911ffe000 r--p 0009a000 08:02 3411300                    /usr/lib/libm.so.6
7f5911ffe000-7f5911fff000 r--p 0010b000 08:02 3411300                    /usr/lib/libm.so.6
7f5911fff000-7f5912000000 rw-p 0010c000 08:02 3411300                    /usr/lib/libm.so.6
7f5912000000-7f591200f000 r-xp 00000000 08:02 2118927                    /home/emn4tor/.jdks/corretto-21.0.8/lib/libjli.so
7f591200f000-7f591220f000 ---p 0000f000 08:02 2118927                    /home/emn4tor/.jdks/corretto-21.0.8/lib/libjli.so
7f591220f000-7f5912210000 r--p 0000f000 08:02 2118927                    /home/emn4tor/.jdks/corretto-21.0.8/lib/libjli.so
7f5912210000-7f5912211000 rw-p 00010000 08:02 2118927                    /home/emn4tor/.jdks/corretto-21.0.8/lib/libjli.so
7f5912211000-7f5912212000 rw-s 194f1e000 00:06 1205                      /dev/dri/renderD128
7f5912212000-7f5912213000 rw-s 23bde8000 00:06 1205                      /dev/dri/renderD128
7f5912213000-7f5912214000 rw-s 1419fa000 00:06 1205                      /dev/dri/renderD128
7f5912214000-7f5912217000 r--p 00000000 08:02 3502115                    /usr/lib/libdecor-0.so.0.200.5
7f5912217000-7f591221a000 r-xp 00003000 08:02 3502115                    /usr/lib/libdecor-0.so.0.200.5
7f591221a000-7f591221c000 r--p 00006000 08:02 3502115                    /usr/lib/libdecor-0.so.0.200.5
7f591221c000-7f591221d000 r--p 00007000 08:02 3502115                    /usr/lib/libdecor-0.so.0.200.5
7f591221d000-7f591221e000 rw-p 00008000 08:02 3502115                    /usr/lib/libdecor-0.so.0.200.5
7f591221e000-7f5912220000 r--p 00000000 08:02 3452583                    /usr/lib/libwayland-cursor.so.0.24.0
7f5912220000-7f5912222000 r-xp 00002000 08:02 3452583                    /usr/lib/libwayland-cursor.so.0.24.0
7f5912222000-7f5912223000 r--p 00004000 08:02 3452583                    /usr/lib/libwayland-cursor.so.0.24.0
7f5912223000-7f5912224000 r--p 00004000 08:02 3452583                    /usr/lib/libwayland-cursor.so.0.24.0
7f5912224000-7f5912228000 rw-p 00005000 08:02 3452583                    /usr/lib/libwayland-cursor.so.0.24.0
7f5912228000-7f591222a000 r--p 00000000 08:02 3429037                    /usr/lib/libffi.so.8.2.0
7f591222a000-7f5912231000 r-xp 00002000 08:02 3429037                    /usr/lib/libffi.so.8.2.0
7f5912231000-7f5912232000 r--p 00009000 08:02 3429037                    /usr/lib/libffi.so.8.2.0
7f5912232000-7f5912233000 r--p 0000a000 08:02 3429037                    /usr/lib/libffi.so.8.2.0
7f5912233000-7f5912234000 rw-p 0000b000 08:02 3429037                    /usr/lib/libffi.so.8.2.0
7f5912234000-7f59122b0000 rw-p 00000000 00:00 0 
7f59122b0000-7f59122b1000 r--p 00000000 08:02 3411328                    /usr/lib/librt.so.1
7f59122b1000-7f59122b2000 r-xp 00001000 08:02 3411328                    /usr/lib/librt.so.1
7f59122b2000-7f59122b3000 r--p 00002000 08:02 3411328                    /usr/lib/librt.so.1
7f59122b3000-7f59122b4000 r--p 00002000 08:02 3411328                    /usr/lib/librt.so.1
7f59122b4000-7f59122b5000 rw-p 00003000 08:02 3411328                    /usr/lib/librt.so.1
7f59122b5000-7f59122b9000 rw-p 00000000 00:00 0 
7f59122b9000-7f59122ba000 r--p 00000000 08:02 3411294                    /usr/lib/libdl.so.2
7f59122ba000-7f59122bb000 r-xp 00001000 08:02 3411294                    /usr/lib/libdl.so.2
7f59122bb000-7f59122bc000 r--p 00002000 08:02 3411294                    /usr/lib/libdl.so.2
7f59122bc000-7f59122bd000 r--p 00002000 08:02 3411294                    /usr/lib/libdl.so.2
7f59122bd000-7f59122be000 rw-p 00003000 08:02 3411294                    /usr/lib/libdl.so.2
7f59122be000-7f59122bf000 r--p 00000000 08:02 3411321                    /usr/lib/libpthread.so.0
7f59122bf000-7f59122c0000 r-xp 00001000 08:02 3411321                    /usr/lib/libpthread.so.0
7f59122c0000-7f59122c1000 r--p 00002000 08:02 3411321                    /usr/lib/libpthread.so.0
7f59122c1000-7f59122c2000 r--p 00002000 08:02 3411321                    /usr/lib/libpthread.so.0
7f59122c2000-7f59122c3000 rw-p 00003000 08:02 3411321                    /usr/lib/libpthread.so.0
7f59122c3000-7f59122c6000 r--p 00000000 08:02 3415379                    /usr/lib/libz.so.1.3.1
7f59122c6000-7f59122d4000 r-xp 00003000 08:02 3415379                    /usr/lib/libz.so.1.3.1
7f59122d4000-7f59122da000 r--p 00011000 08:02 3415379                    /usr/lib/libz.so.1.3.1
7f59122da000-7f59122db000 r--p 00017000 08:02 3415379                    /usr/lib/libz.so.1.3.1
7f59122db000-7f59122dc000 rw-p 00018000 08:02 3415379                    /usr/lib/libz.so.1.3.1
7f59122dc000-7f59122dd000 rw-s 16a863000 00:06 1205                      /dev/dri/renderD128
7f59122dd000-7f59122de000 rw-p 00000000 00:00 0 
7f59122de000-7f59122df000 rw-p 00000000 00:00 0 
7f59122df000-7f59122e0000 r--p 00000000 08:02 3452586                    /usr/lib/libwayland-egl.so.1.24.0
7f59122e0000-7f59122e1000 r-xp 00001000 08:02 3452586                    /usr/lib/libwayland-egl.so.1.24.0
7f59122e1000-7f59122e2000 r--p 00002000 08:02 3452586                    /usr/lib/libwayland-egl.so.1.24.0
7f59122e2000-7f59122e3000 r--p 00002000 08:02 3452586                    /usr/lib/libwayland-egl.so.1.24.0
7f59122e3000-7f59122e4000 rw-p 00003000 08:02 3452586                    /usr/lib/libwayland-egl.so.1.24.0
7f59122e4000-7f59122e7000 r--p 00000000 08:02 3452580                    /usr/lib/libwayland-client.so.0.24.0
7f59122e7000-7f59122ee000 r-xp 00003000 08:02 3452580                    /usr/lib/libwayland-client.so.0.24.0
7f59122ee000-7f59122f1000 r--p 0000a000 08:02 3452580                    /usr/lib/libwayland-client.so.0.24.0
7f59122f1000-7f59122f3000 r--p 0000c000 08:02 3452580                    /usr/lib/libwayland-client.so.0.24.0
7f59122f3000-7f59122f4000 rw-p 0000e000 08:02 3452580                    /usr/lib/libwayland-client.so.0.24.0
7f59122f4000-7f59122f5000 rw-p 00000000 00:00 0 
7f59122f5000-7f59122f6000 r-xp 0005a000 00:2a 6984                       /tmp/lwjgl_emn4tor/3.3.4+7/x64/liblwjgl.so
7f59122f6000-7f59122fc000 rw-p 00000000 00:00 0 
7f59122fc000-7f5912303000 ---p 00000000 00:00 0 
7f5912303000-7f591230b000 rw-s 00000000 00:2a 7631                       /tmp/hsperfdata_emn4tor/295161
7f591230b000-7f591230c000 ---p 00000000 00:00 0 
7f591230c000-7f591230d000 r--p 00000000 00:00 0 
7f591230d000-7f591230e000 ---p 00000000 00:00 0 
7f591230e000-7f5912310000 rw-p 00000000 00:00 0 
7f5912310000-7f5912314000 r--p 00000000 00:00 0                          [vvar]
7f5912314000-7f5912316000 r--p 00000000 00:00 0                          [vvar_vclock]
7f5912316000-7f5912318000 r-xp 00000000 00:00 0                          [vdso]
7f5912318000-7f5912319000 r--p 00000000 08:02 3411278                    /usr/lib/ld-linux-x86-64.so.2
7f5912319000-7f5912343000 r-xp 00001000 08:02 3411278                    /usr/lib/ld-linux-x86-64.so.2
7f5912343000-7f5912351000 r--p 0002b000 08:02 3411278                    /usr/lib/ld-linux-x86-64.so.2
7f5912351000-7f5912353000 r--p 00039000 08:02 3411278                    /usr/lib/ld-linux-x86-64.so.2
7f5912353000-7f5912354000 rw-p 0003b000 08:02 3411278                    /usr/lib/ld-linux-x86-64.so.2
7f5912354000-7f5912355000 rw-p 00000000 00:00 0 
7ffe746cf000-7ffe746f0000 rw-p 00000000 00:00 0                          [stack]
ffffffffff600000-ffffffffff601000 --xp 00000000 00:00 0                  [vsyscall]
Total number of mappings: 603

JVMTI agents: none


VM Arguments:
jvm_args: -Dfile.encoding=UTF-8 -Duser.country=US -Duser.language=en -Duser.variant 
java_command: de.emn4tor.Main
java_class_path (initial): /home/emn4tor/IdeaProjects/LustigesSpielLol/build/classes/java/main:/home/emn4tor/IdeaProjects/LustigesSpielLol/build/resources/main:/home/emn4tor/.gradle/caches/modules-2/files-2.1/org.lwjgl/lwjgl-glfw/3.3.4/7e46ecdec85db8738053cfde1414352cd62dab74/lwjgl-glfw-3.3.4.jar:/home/emn4tor/.gradle/caches/modules-2/files-2.1/org.lwjgl/lwjgl-glfw/3.3.4/91e3d4b56d6d1369ef107b9d7801c9f38125c590/lwjgl-glfw-3.3.4-natives-linux.jar:/home/emn4tor/.gradle/caches/modules-2/files-2.1/org.lwjgl/lwjgl-opengl/3.3.4/2852ac7d9f6fc71349f1ce28e2708ff1977f18af/lwjgl-opengl-3.3.4.jar:/home/emn4tor/.gradle/caches/modules-2/files-2.1/org.lwjgl/lwjgl-opengl/3.3.4/789df76d2e3da55349d858dfb81442149af7c7f4/lwjgl-opengl-3.3.4-natives-linux.jar:/home/emn4tor/.gradle/caches/modules-2/files-2.1/org.lwjgl/lwjgl-stb/3.3.4/5821735d5ef23f6da8542887344e57eb181b7cac/lwjgl-stb-3.3.4.jar:/home/emn4tor/.gradle/caches/modules-2/files-2.1/org.lwjgl/lwjgl-stb/3.3.4/dfc129f009495e6effe8a023d7c3f9cf519e86e3/lwjgl-stb-3.3.4-natives-linux.jar:/home/emn4tor/.gradle/caches/modules-2/files-2.1/org.lwjgl/lwjgl/3.3.4/b86c3e4832426e8a6b466013b7cb34b40e9ce956/lwjgl-3.3.4.jar:/home/emn4tor/.gradle/caches/modules-2/files-2.1/org.lwjgl/lwjgl/3.3.4/a7ccba1d3f2fef214943e74335a80cc65d04e49/lwjgl-3.3.4-natives-linux.jar
Launcher Type: SUN_STANDARD

[Global flags]
     intx CICompilerCount                          = 4                                         {product} {ergonomic}
     uint ConcGCThreads                            = 3                                         {product} {ergonomic}
     uint G1ConcRefinementThreads                  = 10                                        {product} {ergonomic}
   size_t G1HeapRegionSize                         = 4194304                                   {product} {ergonomic}
    uintx GCDrainStackTargetSize                   = 64                                        {product} {ergonomic}
   size_t InitialHeapSize                          = 520093696                                 {product} {ergonomic}
   size_t MarkStackSize                            = 4194304                                   {product} {ergonomic}
   size_t MaxHeapSize                              = 8313110528                                {product} {ergonomic}
   size_t MaxNewSize                               = 4987027456                                {product} {ergonomic}
   size_t MinHeapDeltaBytes                        = 4194304                                   {product} {ergonomic}
   size_t MinHeapSize                              = 8388608                                   {product} {ergonomic}
    uintx NonNMethodCodeHeapSize                   = 5839372                                {pd product} {ergonomic}
    uintx NonProfiledCodeHeapSize                  = 122909434                              {pd product} {ergonomic}
    uintx ProfiledCodeHeapSize                     = 122909434                              {pd product} {ergonomic}
    uintx ReservedCodeCacheSize                    = 251658240                              {pd product} {ergonomic}
     bool SegmentedCodeCache                       = true                                      {product} {ergonomic}
   size_t SoftMaxHeapSize                          = 8313110528                             {manageable} {ergonomic}
     bool UseCompressedOops                        = true                           {product lp64_product} {ergonomic}
     bool UseG1GC                                  = true                                      {product} {ergonomic}

Logging:
Log output configuration:
 #0: stdout all=warning uptime,level,tags foldmultilines=false
 #1: stderr all=off uptime,level,tags foldmultilines=false

Environment Variables:
PATH=/usr/local/sbin:/usr/local/bin:/usr/bin:/var/lib/flatpak/exports/bin:/usr/lib/jvm/default/bin:/usr/bin/site_perl:/usr/bin/vendor_perl:/usr/bin/core_perl:/home/emn4tor/.local/share/JetBrains/Toolbox/scripts
SHELL=/bin/bash
DISPLAY=:1
LANG=en_US.UTF-8
LC_NUMERIC=de_DE.UTF-8
LC_TIME=de_DE.UTF-8

Active Locale:
LC_ALL=LC_CTYPE=en_US.UTF-8;LC_NUMERIC=de_DE.UTF-8;LC_TIME=de_DE.UTF-8;LC_COLLATE=en_US.UTF-8;LC_MONETARY=de_DE.UTF-8;LC_MESSAGES=en_US.UTF-8;LC_PAPER=de_DE.UTF-8;LC_NAME=de_DE.UTF-8;LC_ADDRESS=de_DE.UTF-8;LC_TELEPHONE=de_DE.UTF-8;LC_MEASUREMENT=de_DE.UTF-8;LC_IDENTIFICATION=de_DE.UTF-8
LC_COLLATE=en_US.UTF-8
LC_CTYPE=en_US.UTF-8
LC_MESSAGES=en_US.UTF-8
LC_MONETARY=de_DE.UTF-8
LC_NUMERIC=de_DE.UTF-8
LC_TIME=de_DE.UTF-8

Signal Handlers:
   SIGSEGV: crash_handler in libjvm.so, mask=11100100010111111101111111111110, flags=SA_RESTART|SA_SIGINFO, unblocked
    SIGBUS: crash_handler in libjvm.so, mask=11100100010111111101111111111110, flags=SA_RESTART|SA_SIGINFO, unblocked
    SIGFPE: crash_handler in libjvm.so, mask=11100100010111111101111111111110, flags=SA_RESTART|SA_SIGINFO, unblocked
   SIGPIPE: javaSignalHandler in libjvm.so, mask=11100100010111111101111111111110, flags=SA_RESTART|SA_SIGINFO, blocked
   SIGXFSZ: javaSignalHandler in libjvm.so, mask=11100100010111111101111111111110, flags=SA_RESTART|SA_SIGINFO, blocked
    SIGILL: crash_handler in libjvm.so, mask=11100100010111111101111111111110, flags=SA_RESTART|SA_SIGINFO, unblocked
   SIGUSR2: SR_handler in libjvm.so, mask=00000000000000000000000000000000, flags=SA_RESTART|SA_SIGINFO, blocked
    SIGHUP: UserHandler in libjvm.so, mask=11100100010111111101111111111110, flags=SA_RESTART|SA_SIGINFO, blocked
    SIGINT: UserHandler in libjvm.so, mask=11100100010111111101111111111110, flags=SA_RESTART|SA_SIGINFO, blocked
   SIGTERM: UserHandler in libjvm.so, mask=11100100010111111101111111111110, flags=SA_RESTART|SA_SIGINFO, blocked
   SIGQUIT: UserHandler in libjvm.so, mask=11100100010111111101111111111110, flags=SA_RESTART|SA_SIGINFO, blocked
   SIGTRAP: crash_handler in libjvm.so, mask=11100100010111111101111111111110, flags=SA_RESTART|SA_SIGINFO, unblocked


Periodic native trim disabled

---------------  S Y S T E M  ---------------

OS:
DISTRIB_ID="EndeavourOS"
DISTRIB_RELEASE="rolling"
DISTRIB_DESCRIPTION="EndeavourOS Linux"
DISTRIB_CODENAME="rolling"
uname: Linux 6.18.2-arch2-1 #1 SMP PREEMPT_DYNAMIC Thu, 18 Dec 2025 18:00:18 +0000 x86_64
OS uptime: 0 days 14:57 hours
libc: glibc 2.42 NPTL 2.42 
rlimit (soft/hard): STACK 8192k/infinity , CORE infinity/infinity , NPROC 126670/126670 , NOFILE 524288/524288 , AS infinity/infinity , CPU infinity/infinity , DATA infinity/infinity , FSIZE infinity/infinity , MEMLOCK 8192k/8192k
load average: 2,63 2,89 2,60

/proc/meminfo:
MemTotal:       32462200 kB
MemFree:         3518300 kB
MemAvailable:   14361104 kB
Buffers:          424164 kB
Cached:         10926968 kB
SwapCached:        42724 kB
Active:         12763740 kB
Inactive:       13512548 kB
Active(anon):   10324080 kB
Inactive(anon):  5516432 kB
Active(file):    2439660 kB
Inactive(file):  7996116 kB
Unevictable:        1740 kB
Mlocked:            1740 kB
SwapTotal:       9227464 kB
SwapFree:        8774920 kB
Zswap:             81736 kB
Zswapped:         173820 kB
Dirty:             10700 kB
Writeback:             0 kB
AnonPages:      14735396 kB
Mapped:          3559888 kB
Shmem:            916024 kB
KReclaimable:     873268 kB
Slab:            1176560 kB
SReclaimable:     873268 kB
SUnreclaim:       303292 kB
KernelStack:       50912 kB
PageTables:       173012 kB
SecPageTables:      4312 kB
NFS_Unstable:          0 kB
Bounce:                0 kB
WritebackTmp:          0 kB
CommitLimit:    25458564 kB
Committed_AS:   67414156 kB
VmallocTotal:   34359738367 kB
VmallocUsed:      106660 kB
VmallocChunk:          0 kB
Percpu:            17024 kB
HardwareCorrupted:     0 kB
AnonHugePages:   2680832 kB
ShmemHugePages:        0 kB
ShmemPmdMapped:        0 kB
FileHugePages:    278528 kB
FilePmdMapped:    200704 kB
CmaTotal:              0 kB
CmaFree:               0 kB
Unaccepted:            0 kB
Balloon:               0 kB
HugePages_Total:       0
HugePages_Free:        0
HugePages_Rsvd:        0
HugePages_Surp:        0
Hugepagesize:       2048 kB
Hugetlb:               0 kB
DirectMap4k:     1407268 kB
DirectMap2M:    28600320 kB
DirectMap1G:     4194304 kB

/sys/kernel/mm/transparent_hugepage/enabled: [always] madvise never
/sys/kernel/mm/transparent_hugepage/hpage_pmd_size: 2097152
/sys/kernel/mm/transparent_hugepage/defrag (defrag/compaction efforts parameter): always defer defer+madvise [madvise] never

Process Memory:
Virtual Size: 11599000K (peak: 11653216K)
Resident Set Size: 231724K (peak: 231724K) (anon: 58556K, file: 171380K, shmem: 1788K)
Swapped out: 0K
C-Heap outstanding allocations: 43549K, retained: 2986K
glibc malloc tunables: (default)

/proc/sys/kernel/threads-max (system-wide limit on the number of threads): 253340
/proc/sys/vm/max_map_count (maximum number of memory map areas a process may have): 1048576
/proc/sys/vm/swappiness (control to define how aggressively the kernel swaps out anonymous memory): 60
/proc/sys/kernel/pid_max (system-wide limit on number of process identifiers): 4194304

container information not found.
Steal ticks since vm start: 0
Steal ticks percentage since vm start:  0,000

CPU: total 12 (initial active 12) (12 cores per cpu, 2 threads per core) family 25 model 97 stepping 2 microcode 0xa60120a, cx8, cmov, fxsr, ht, mmx, 3dnowpref, sse, sse2, sse3, ssse3, sse4a, sse4.1, sse4.2, popcnt, lzcnt, tsc, tscinvbit, avx, avx2, aes, erms, clmul, bmi1, bmi2, adx, avx512f, avx512dq, avx512cd, avx512bw, avx512vl, sha, fma, vzeroupper, avx512_vpopcntdq, avx512_vpclmulqdq, avx512_vaes, avx512_vnni, clflush, clflushopt, avx512_vbmi2, avx512_vbmi, rdtscp, rdpid, fsrm, gfni, avx512_bitalg, f16c, pku, ospke, cet_ss, avx512_ifma
CPU Model and flags from /proc/cpuinfo:
model name	: AMD Ryzen 5 7500F 6-Core Processor
flags		: fpu vme de pse tsc msr pae mce cx8 apic sep mtrr pge mca cmov pat pse36 clflush mmx fxsr sse sse2 ht syscall nx mmxext fxsr_opt pdpe1gb rdtscp lm constant_tsc rep_good amd_lbr_v2 nopl xtopology nonstop_tsc cpuid extd_apicid aperfmperf rapl pni pclmulqdq monitor ssse3 fma cx16 sse4_1 sse4_2 movbe popcnt aes xsave avx f16c rdrand lahf_lm cmp_legacy svm extapic cr8_legacy abm sse4a misalignsse 3dnowprefetch osvw ibs skinit wdt tce topoext perfctr_core perfctr_nb bpext perfctr_llc mwaitx cpuid_fault cpb cat_l3 cdp_l3 hw_pstate ssbd mba perfmon_v2 ibrs ibpb stibp ibrs_enhanced vmmcall fsgsbase bmi1 avx2 smep bmi2 erms invpcid cqm rdt_a avx512f avx512dq rdseed adx smap avx512ifma clflushopt clwb avx512cd sha_ni avx512bw avx512vl xsaveopt xsavec xgetbv1 xsaves cqm_llc cqm_occup_llc cqm_mbm_total cqm_mbm_local user_shstk avx512_bf16 clzero irperf xsaveerptr rdpru wbnoinvd cppc arat npt lbrv svm_lock nrip_save tsc_scale vmcb_clean flushbyasid decodeassists pausefilter pfthreshold avic vgif x2avic v_spec_ctrl vnmi avx512vbmi umip pku ospke avx512_vbmi2 gfni vaes vpclmulqdq avx512_vnni avx512_bitalg avx512_vpopcntdq rdpid overflow_recov succor smca fsrm flush_l1d amd_lbr_pmc_freeze

Online cpus: 0-11
Offline cpus: 
BIOS frequency limitation: <Not Available>
Frequency switch latency (ns): 0
Available cpu frequencies: <Not Available>
Current governor: performance
Core performance/turbo boost: 1

Memory: 4k page, physical 32462200k(14361104k free), swap 9227464k(8774920k free)
Page Sizes: 4k

vm_info: OpenJDK 64-Bit Server VM (21.0.8+9-LTS) for linux-amd64 JRE (21.0.8+9-LTS), built on 2025-07-09T19:24:34Z by "jenkins" with gcc 7.3.1 20180303 (Red Hat 7.3.1-5)

END.
